bid_id,ad_id,buyer_id,bid_amount,bid_date,status_bid,interaction_type,bid_detail
36adbefd-4f50-4aef-b8fe-06db2a1622a1,54cda83d-39a0-4913-bc4b-70674272259f,84931c87-6ccd-4917-89cb-aa77222e51cd,261412662,2024-09-20 11:57:53,Pending,Contract,"Pembeli Shakila Mardhiyah menawarkan Rp 261,412,662.00. Penawaran sedang diproses."
6c515c4f-39b3-464f-9eac-7ece3af27f75,cd434ff5-80aa-45a7-8dfd-a7bd28d0f252,11d7f74b-ba3c-4952-a415-b584bebcc6fa,259302188,2024-01-29 11:14:57,Pending,Contract,"Pembeli Harimurti Anggriawan menawarkan Rp 259,302,188.00. Penawaran sedang diproses."
8e7534c3-e969-4b2e-aeda-c8ed0cf280b7,6264f5c1-fb86-4a68-bec6-e4e9ef95a158,4bf51da0-af58-4e52-9691-ffd4064a92de,162535583,2024-04-18 13:01:43,Pending,Bid,"Pembeli Galur Fujiati menawarkan Rp 162,535,583.00. Penawaran sedang diproses."
b89bb654-a0fc-4d07-86c2-76214bb75d83,b3a1f973-f5b8-48a0-bb87-9b799d636c81,1073b2a5-900f-4456-bc87-974d445d99e9,160487599,2024-01-27 00:11:54,Rejected,Bid,"Pembeli Patricia Nashiruddin menawarkan Rp 160,487,599.00. Penawaran ditolak."
da9cbb85-bec2-4a68-b8fd-d470fbcd4ca4,6b16c56d-d109-4aad-96e5-d3497838e9c1,24960807-30b9-4c27-98e5-51ba60f42191,125824205,2024-01-28 09:54:16,Accepted,Contract,"Pembeli Vanya Wijayanti menawarkan Rp 125,824,205.00. Penawaran diterima."
8ddedb3f-1c8c-4ac3-9db3-9975d9647206,63245388-746d-4ce7-b1c0-a3f74a3bba4f,507e44a2-3dde-445f-a3db-22d8ba059342,276227807,2024-05-06 07:23:07,Accepted,Bid,"Pembeli Jati Pudjiastuti menawarkan Rp 276,227,807.00. Penawaran diterima."
f1762309-49b8-4a26-83d8-afda95113e44,98cca0c9-8424-4d4f-afab-4b2c60b98e87,55895b60-428f-4caf-a4ca-caf75632f1da,430366339,2024-05-20 03:21:26,Pending,Contract,"Pembeli Umar Waskita menawarkan Rp 430,366,339.00. Penawaran sedang diproses."
b23a7781-eb05-47d0-862c-7fb815c5b220,12f7624b-6961-4701-b03f-139a7e2a7f06,dc2b1b18-8156-4bb8-b828-46c53c89a9ad,330947989,2024-06-05 11:27:41,Rejected,Contract,"Pembeli Malika Uyainah menawarkan Rp 330,947,989.00. Penawaran ditolak."
440376c0-cae1-467b-92e9-e0b95e029f0f,00568295-02ee-4b3d-b5a5-71d460918fc9,e1cd2a74-b4a8-44c6-beb4-13e88fcda49d,145504243,2024-11-03 23:11:45,Rejected,View,"Pembeli Bakianto Siregar menawarkan Rp 145,504,243.00. Penawaran ditolak."
0df1340c-1ffe-47fb-bf21-93a116015ada,365c16bc-ada9-4675-868a-7e535bd45980,74c52a34-bdcc-4700-a1c7-47e0cf890ce6,127353790,2024-05-14 20:24:26,Accepted,Bid,"Pembeli Mala Prasasta menawarkan Rp 127,353,790.00. Penawaran diterima."
b6186100-1345-4efe-b387-37810a3de75f,c4d97e42-794f-4267-a042-d8997024206d,5a2d21ed-977f-4594-8e2a-9d6ee4983f24,308396740,2024-09-02 21:57:43,Accepted,Contract,"Pembeli dr. Karsa Kurniawan, S.E. menawarkan Rp 308,396,740.00. Penawaran diterima."
1a9db00b-a6df-4b71-9125-03cfd3a476d8,611d9062-a2de-4f26-a6ff-5976ab5f2fa2,2bbaa291-b456-4e09-8f9c-19a42160366a,206559533,2024-09-16 17:51:11,Rejected,Bid,"Pembeli Dt. Narji Dongoran, M.TI. menawarkan Rp 206,559,533.00. Penawaran ditolak."
de5ccbb2-1710-4060-8a83-be5d49e41863,683e80eb-0e5f-46c2-9271-2da157569eb4,d2729ef3-d4c2-4e49-b106-f177bb1068fc,339039417,2024-06-23 03:34:36,Pending,Bid,"Pembeli Dt. Karsana Wastuti menawarkan Rp 339,039,417.00. Penawaran sedang diproses."
53c751b8-197a-406a-b2df-9e1b87b797d7,96d22342-7f23-40af-b50c-5fd1cae6ddec,f461f861-88d5-4c18-93b3-63ad3f62c04c,358382467,2024-11-05 11:25:58,Accepted,View,"Pembeli Nova Wibowo menawarkan Rp 358,382,467.00. Penawaran diterima."
69eb0bae-dd0b-4de2-a17a-7d86a89f96a5,3a29cc93-cca8-4771-a83c-e8ee645a67fe,dac86367-57ff-4435-bcd6-4d4547166dc5,431058515,2024-02-03 04:12:27,Pending,View,"Pembeli R. Titin Permata menawarkan Rp 431,058,515.00. Penawaran sedang diproses."
56d86b61-27e4-411b-b286-170d758df963,70d178c9-d308-48f7-9fb7-77c281cbee6a,006d4f4b-0a57-49e3-9bd3-76eb16a5c63f,365148860,2024-05-26 03:30:01,Accepted,Contract,"Pembeli Lurhur Uyainah menawarkan Rp 365,148,860.00. Penawaran diterima."
bdd22c9d-5354-4881-8b01-4941e2fcd9c0,5a89bef2-d542-42da-bafe-c8585aa3e266,f7dd7cf6-570b-4e5c-b255-23f8178796d0,333519680,2024-02-29 00:39:13,Rejected,View,"Pembeli Cut Hasna Prayoga menawarkan Rp 333,519,680.00. Penawaran ditolak."
74b86168-1547-48dd-8003-e0e34efd1de2,b3560964-5667-454b-b1eb-cb70e605e4eb,f587ee5b-5d22-4f59-8526-04f40f447c00,93709375,2024-10-31 14:44:47,Accepted,Contract,"Pembeli R.M. Jail Utama menawarkan Rp 93,709,375.00. Penawaran diterima."
ebf098ff-d9c6-40a3-a39d-1db668862900,a8adcecf-528a-4464-9c8a-aad14b53033b,769ba1a1-cedf-401b-8727-aaef81c96d04,310283949,2024-02-16 00:25:20,Rejected,Bid,"Pembeli Harimurti Hidayat, S.Ked menawarkan Rp 310,283,949.00. Penawaran ditolak."
7cf046ed-1e29-4897-9b7d-6c28e7a2b9cb,3080b8de-07b2-4b46-bf92-60f06804eaf0,e6289597-49e8-41ca-8484-524529852598,100963133,2024-10-20 15:02:38,Rejected,Contract,"Pembeli Elvina Waskita menawarkan Rp 100,963,133.00. Penawaran ditolak."
be7e3f13-600f-4398-b360-e85cb55e4a59,db505578-dc6d-4f8a-9fcd-4c36bbdd5b70,8f3618ef-b168-453c-939e-886bf39f568d,378960816,2024-08-05 10:31:52,Pending,Bid,"Pembeli Aditya Sihotang menawarkan Rp 378,960,816.00. Penawaran sedang diproses."
f45b8e5c-b8d3-491d-9d06-9a9071fba8ae,f5a2dfcf-6e33-418d-97f1-85a7e8335cdb,1faa0d9a-39bd-4f1d-9651-f1fb3386ed06,343110149,2024-10-06 09:24:33,Pending,View,"Pembeli Diah Rahmawati, S.Gz menawarkan Rp 343,110,149.00. Penawaran sedang diproses."
88b8cdb7-22dd-4ca7-8376-f942130f86f3,706ca493-b363-42d4-a724-d1c2984df05a,cf17ca75-3c34-420c-923f-35b1a30fde68,193235358,2024-07-28 22:01:42,Pending,Contract,"Pembeli Maimunah Zulaika menawarkan Rp 193,235,358.00. Penawaran sedang diproses."
8d96bb0a-13ed-44ea-bdfe-8293e6d8db37,868441ad-7f3d-45ee-b78a-3ea3bcbf0f3f,c4017ddc-85d1-4e50-978d-626460cec019,345027379,2024-11-15 15:16:00,Pending,View,"Pembeli R. Widya Hariyah, M.Kom. menawarkan Rp 345,027,379.00. Penawaran sedang diproses."
a9b242a8-4840-46c8-ae66-17df17a626a4,f86c897e-49dd-479a-ad5d-fba0aa9ac4c9,087a21a9-7ae3-4b2e-a6f7-52c7df7fbf58,171379861,2024-01-10 15:30:32,Pending,Bid,"Pembeli Ir. Joko Palastri menawarkan Rp 171,379,861.00. Penawaran sedang diproses."
13ce73f7-5e4d-43d1-96e0-a6991a82ea2d,442a29c6-e21b-4015-adfb-b33f219af9b5,8bf6c423-81a3-41c0-82bf-709b340cab0d,305955167,2024-09-26 09:38:12,Accepted,View,"Pembeli Johan Prabowo menawarkan Rp 305,955,167.00. Penawaran diterima."
4e98f43a-9349-4728-b4ee-9369832e6882,93bc5332-89db-42de-b88f-f7bf10fe996a,21cd60f8-8421-4b1e-917e-5c23f3718fea,208829976,2024-02-05 21:48:20,Pending,Contract,"Pembeli Vino Irawan menawarkan Rp 208,829,976.00. Penawaran sedang diproses."
23514076-3c7a-409a-aae4-fe3003b15b9c,863449f0-20df-4692-9597-d6abc2d1b5a1,bb5ad41d-3730-4cd4-b6e0-934efe4634f2,396115200,2024-01-09 18:42:55,Accepted,Contract,"Pembeli Dartono Novitasari menawarkan Rp 396,115,200.00. Penawaran diterima."
f6b7b121-cf22-4409-8841-2cfc9f05f0fc,0b3beba4-8ede-47bd-919e-20fca587c55c,b5989b0d-c070-4e25-aa36-016ca8dd5145,400466622,2024-08-19 15:52:52,Accepted,Contract,"Pembeli dr. Hadi Wastuti, S.E. menawarkan Rp 400,466,622.00. Penawaran diterima."
76946632-60eb-4633-9635-6bae257e28e0,36a9c5cc-b22d-406e-a176-755f0a226e21,016b1023-0493-46dc-95fb-a3fcdcf85599,311677211,2024-06-12 21:04:14,Accepted,Bid,"Pembeli Sutan Opan Lailasari menawarkan Rp 311,677,211.00. Penawaran diterima."
ee537253-addb-43fc-aef8-7a8b863d26a3,cedf8f37-ba2a-4cc7-b8d5-81d04afd2398,b3505baf-2bc6-495d-b5a5-f1674fca4892,424090212,2024-10-25 02:09:43,Accepted,Contract,"Pembeli Jefri Farida menawarkan Rp 424,090,212.00. Penawaran diterima."
411ec597-9f2e-48fc-820e-bbc3bb386aea,80455d4d-28e7-4a82-812f-2c837010858f,91d217ce-2aff-4b96-8da2-b726891b8c35,120255876,2024-02-23 11:43:37,Pending,Bid,"Pembeli Muhammad Suwarno menawarkan Rp 120,255,876.00. Penawaran sedang diproses."
8cde40f0-759b-4759-ac49-f0d8fdf21da2,4b3c1d10-ea1f-4356-a294-56d574465e6c,41a652a3-b0e0-4598-8c55-46629584be34,251971850,2024-07-06 19:18:12,Accepted,Bid,"Pembeli Ghaliyati Marpaung menawarkan Rp 251,971,850.00. Penawaran diterima."
412409dc-ca98-4af6-9c29-90c6af27eac9,d8353a7b-d15e-4190-94bc-46bd834efc67,2e286aa2-53f5-480e-925d-746dced5673f,339633050,2024-04-20 16:38:45,Pending,Contract,"Pembeli Dr. Sarah Palastri, S.Farm menawarkan Rp 339,633,050.00. Penawaran sedang diproses."
20f8f710-ca0c-4e14-bbde-0c3e11a31b17,e75e0925-d4e5-4521-ac48-1c4783f7efe4,84384d02-f452-4ddd-9ec7-ae4be16125ec,173179403,2024-09-23 08:46:10,Pending,View,"Pembeli Yance Anggriawan menawarkan Rp 173,179,403.00. Penawaran sedang diproses."
3209beea-8e2d-48ec-8f14-8796cd69efe5,3bb06af0-a03c-4339-a64e-6e40c9b5c21f,5f626f43-9171-4025-a8d8-d76801550ead,215647558,2024-02-04 23:03:38,Pending,View,"Pembeli H. Gamanto Wacana, S.I.Kom menawarkan Rp 215,647,558.00. Penawaran sedang diproses."
09233cca-db9f-4538-b272-62754827b86f,e5bc93df-812c-4495-a6e3-d87daaf85400,fa75c6cb-8b4d-4867-8a2d-ecc7a1c0c2a9,178454968,2024-11-21 06:26:29,Pending,Contract,"Pembeli Leo Wulandari, S.Gz menawarkan Rp 178,454,968.00. Penawaran sedang diproses."
ebb46cf8-7c45-496c-99b8-2185aea241d3,c85cc58d-0b32-424d-9389-9fd725104b24,c73461ee-ad4f-40ab-b67c-fe49bae46a1f,430249178,2024-04-14 14:45:01,Accepted,Bid,"Pembeli Gambira Nurdiyanti menawarkan Rp 430,249,178.00. Penawaran diterima."
c738ee40-e3ee-464c-97b7-e8a32d208f9d,25aa1156-8d92-48eb-b25b-4e53d4b965c5,01690aca-0050-4c6c-987d-277f6557f2be,311257992,2024-05-11 09:58:57,Pending,View,"Pembeli Kania Laksmiwati menawarkan Rp 311,257,992.00. Penawaran sedang diproses."
dccc7abb-b6d9-4e7b-b200-49247fd8dcec,bace8127-0f4c-455d-98b5-e5e5e35192c4,bb1ddeb6-ef58-42bd-94f2-c80b444478b6,437184746,2024-08-09 18:26:15,Pending,View,"Pembeli Eko Wastuti menawarkan Rp 437,184,746.00. Penawaran sedang diproses."
11c3d3db-441a-4297-8368-b4905395d6fc,84a05bb9-3a60-4c50-8178-821eeb00b520,21a9a1a5-0cc0-4c87-bd23-038cf48c1a5e,98774227,2024-02-09 22:48:16,Accepted,Contract,"Pembeli Ir. Kawaca Damanik menawarkan Rp 98,774,227.00. Penawaran diterima."
826f80d6-09c8-4644-ae4a-7d4105b8ab76,f500ba81-83c4-4668-b7b3-4ad0c2c872e7,cc73542b-2ba4-4c7d-b3e2-9eebe077024c,416043233,2024-03-26 19:42:51,Pending,Bid,"Pembeli Reza Thamrin menawarkan Rp 416,043,233.00. Penawaran sedang diproses."
6e42c2d5-949d-4ac7-a017-5e3c761305d0,8dd625c3-2697-4d3f-b11c-fbfc003cfbd9,79211ddb-67ec-46cf-9a38-56345e42cd79,235809568,2024-09-07 03:28:49,Accepted,Bid,"Pembeli Jarwi Mangunsong menawarkan Rp 235,809,568.00. Penawaran diterima."
20e5539a-a334-4205-b3af-6bb5d149c9de,26491ded-c3c1-4075-9ee5-486d1a7b4a7f,51f78545-fba6-4529-ac66-738666252bcc,135113544,2024-06-19 00:23:56,Accepted,View,"Pembeli Drs. Yunita Sihombing menawarkan Rp 135,113,544.00. Penawaran diterima."
362ac6c4-3adb-4fa2-b114-3ab26ac53895,3aa6a599-0337-4977-8a3a-a6c8d948571b,e47d4b49-3c29-4e36-9c0d-22f735026a6f,338905993,2024-10-16 15:06:18,Accepted,View,"Pembeli Cut Syahrini Palastri, M.M. menawarkan Rp 338,905,993.00. Penawaran diterima."
0acc32a2-3a4a-490a-8789-8bd948e3f653,5447be30-2135-4f80-8f86-5a7807ccc899,f475c7d0-f190-4d32-a86e-d5f09fb15d46,401029953,2024-05-26 05:48:44,Accepted,View,"Pembeli T. Harjo Haryanti menawarkan Rp 401,029,953.00. Penawaran diterima."
05bd2984-7234-48e7-9e72-8f8ff9111952,6feece3a-ae6e-47ed-8bd9-7ce77b19549d,218cfead-4d46-4b48-bc25-07ddc7d92a79,195882302,2024-08-13 19:10:13,Rejected,Bid,"Pembeli Melinda Yolanda menawarkan Rp 195,882,302.00. Penawaran ditolak."
c6026c18-14c5-4bbd-923a-b31473d4e31c,ed9e0dda-4f9c-4995-bad6-64cc20f2e4cd,2bfe50d7-e6bf-48a2-87cc-dfbaae7dbda2,322087022,2024-11-16 06:44:56,Rejected,View,"Pembeli Bella Halim menawarkan Rp 322,087,022.00. Penawaran ditolak."
dbb300d3-e224-4950-b759-050fa3fe95b2,2372c7ad-8599-489a-b681-d84de1e6fbfc,ee012d9e-949c-46a6-af46-e2b88c53c294,390989887,2024-11-21 20:52:07,Rejected,View,"Pembeli Paulin Budiyanto menawarkan Rp 390,989,887.00. Penawaran ditolak."
a6029f31-bfeb-4e32-862f-427e08b86935,c2bbd40f-8e99-4d13-9971-39aeee0c8599,30743b89-ba14-4e0f-8a40-7ca4c5f12911,433885466,2024-10-23 05:07:44,Pending,Bid,"Pembeli R.M. Taufan Maheswara menawarkan Rp 433,885,466.00. Penawaran sedang diproses."
909f94a7-f081-4906-9822-43d2d2367a53,2d124065-c4e1-4708-a31f-b58458f4603a,91146b46-a800-45b0-95c9-2eff7082187b,250093813,2024-10-07 00:59:14,Rejected,Contract,"Pembeli Dt. Ilyas Hariyah, S.Pt menawarkan Rp 250,093,813.00. Penawaran ditolak."
d93076d7-4aa8-46b0-bd19-ed688a376591,84624cfa-2e87-4a64-a28e-8ffc57da7c48,4ca4ba05-296d-4072-b188-94c7af6b4e12,107127838,2024-10-16 19:43:53,Pending,Contract,"Pembeli R. Faizah Putra, M.Ak menawarkan Rp 107,127,838.00. Penawaran sedang diproses."
a8702714-403d-40e8-ab33-82c2e039a73b,a5728497-d447-422c-bc55-4967d74197f7,18b48154-21ba-4741-92c3-cb2cc6bd556e,298050610,2024-11-16 13:17:47,Pending,Contract,"Pembeli Drs. Ihsan Utama, S.H. menawarkan Rp 298,050,610.00. Penawaran sedang diproses."
2999cf50-fa9b-47a0-9dbe-f2edfdcfe8c3,19c5ff80-4796-4caf-b238-72edc3b67c28,bdfce08d-2ba8-49ed-b7a4-6209fbc63a8f,173639044,2024-01-04 14:32:24,Pending,View,"Pembeli Ir. Dwi Agustina, M.M. menawarkan Rp 173,639,044.00. Penawaran sedang diproses."
1cdb5831-be8e-4e20-af27-905093718e86,273ff997-4e53-4e08-b0b0-1feaeb678031,742bec0e-ed7f-49e7-b530-fb953a907c03,375203859,2024-06-15 12:43:34,Pending,Bid,"Pembeli Koko Rajasa menawarkan Rp 375,203,859.00. Penawaran sedang diproses."
274d8dfe-4c3e-4569-a32c-9b32b14c3e18,26696963-5bd6-4126-8b82-81c545a327d1,a1b759fc-0324-438d-932e-751bc02727bf,301908736,2024-08-02 06:15:15,Accepted,Bid,"Pembeli Drs. Ganda Pratiwi, S.T. menawarkan Rp 301,908,736.00. Penawaran diterima."
9609eaed-bb91-4962-9ce5-86af8097aa24,bd24c79c-436e-4e72-ab8c-6625de18484f,785808ba-1140-460d-939d-614504e60df5,169085207,2024-11-01 06:38:22,Accepted,Contract,"Pembeli Ir. Laras Handayani menawarkan Rp 169,085,207.00. Penawaran diterima."
66fb1718-0536-4ad6-beb3-a46b150bed5d,1cc8dcf0-2ecf-4ef2-9006-51ea50893d26,80149c6f-90c9-4bb4-ae95-91414479f494,401156737,2024-07-25 20:57:15,Accepted,View,"Pembeli drg. Kezia Saragih, S.E.I menawarkan Rp 401,156,737.00. Penawaran diterima."
ae252a95-8ae0-41b8-b2e9-32a55e058728,fa23594f-d3b1-4081-b3fa-d62f91fa78e9,9970c2c1-4dc6-42e1-bf51-8b83b7240eda,185429196,2024-03-25 12:35:39,Rejected,View,"Pembeli Dina Gunawan, S.Sos menawarkan Rp 185,429,196.00. Penawaran ditolak."
3d962f30-de1d-438e-9b90-b20bf6226c7c,c61c5341-9fdd-42a3-b00e-b0ae76d1d1f3,e034c09a-8ae7-48af-aea9-9454769a3852,446889988,2024-06-03 16:06:46,Accepted,Bid,"Pembeli Dr. Utama Adriansyah, M.M. menawarkan Rp 446,889,988.00. Penawaran diterima."
52a72490-d63f-4f16-8686-d0a6a3506384,8efd48c4-5cb5-4f25-99de-2a5865d27498,74fe4682-3d45-4689-a130-327c414877ed,310588354,2024-05-13 01:23:22,Accepted,Contract,"Pembeli R.M. Daniswara Nainggolan menawarkan Rp 310,588,354.00. Penawaran diterima."
81c33360-b80d-4fff-afed-f570d5247108,cd827347-afd7-4f02-9ce4-ca5c285e5643,3f6cd424-6cdb-48dc-9609-abfe6f756fe0,341702417,2024-06-30 07:41:02,Pending,View,"Pembeli Ir. Dalimin Megantara menawarkan Rp 341,702,417.00. Penawaran sedang diproses."
ab81261d-3d11-4463-9bc7-87869f02945b,48b0df14-5229-4fe3-b5d4-1439f50e81ab,b2dfe957-9906-49ea-b8bf-805d0e2e455e,248174336,2024-10-25 02:44:50,Pending,Bid,"Pembeli H. Gandi Ardianto menawarkan Rp 248,174,336.00. Penawaran sedang diproses."
45ccb9c5-21f8-4e14-a38c-6bfb1fa78e4b,e424800d-a7da-4ad0-ba2a-69f8f253ce50,f50bffe7-78ad-4374-9ea8-ac2f121bebce,125454240,2024-08-02 20:34:38,Pending,Bid,"Pembeli Jono Ardianto menawarkan Rp 125,454,240.00. Penawaran sedang diproses."
3840507f-8b75-4f5f-9159-69ab26199720,04dfbe1c-b53c-4101-a741-648a1a638d2d,01b31d3c-16be-43e8-ab51-6cc78d03c98d,207950000,2024-05-23 00:40:02,Rejected,View,"Pembeli Drs. Hendra Fujiati menawarkan Rp 207,950,000.00. Penawaran ditolak."
a223e406-a0d5-423c-abb9-ab7fa34104c2,78422576-0398-4961-a84c-d985c6785fa5,cc016c35-56bd-461b-955b-ee5be017bdaa,410176217,2024-05-01 08:34:17,Pending,Bid,"Pembeli Gilang Mulyani, M.TI. menawarkan Rp 410,176,217.00. Penawaran sedang diproses."
114ba871-a806-4ce0-810f-6050ba551741,c99e1e3b-6463-4eca-b693-88ca318d2dcd,57587efa-0fc1-4ad4-9102-8fae89d0158e,201039228,2024-04-30 14:13:17,Pending,View,"Pembeli Bahuraksa Natsir menawarkan Rp 201,039,228.00. Penawaran sedang diproses."
95b53e85-a560-460e-a71e-8cd497ed66d9,9b757655-9263-4e7c-9750-15d937a256cf,c095a388-f4ec-4474-b439-f1d3e39d9e38,194035636,2024-07-23 09:51:16,Accepted,View,"Pembeli Ir. Cecep Napitupulu menawarkan Rp 194,035,636.00. Penawaran diterima."
4c511987-94d6-429b-bee8-7cdc8c380679,477ef1c7-2f8b-4bde-ae1f-24a86e031c70,c894aaf8-5e6f-4d56-a6e4-0d1e9d9820cf,162780621,2024-01-09 05:21:31,Rejected,View,"Pembeli Tgk. Hafshah Sinaga, S.T. menawarkan Rp 162,780,621.00. Penawaran ditolak."
6ce68b7d-d377-4adc-bfcf-d386d90fc1e2,64ed854a-bc2f-4ce6-87e6-8fa57707dcca,a6cc1949-8f43-4d1d-a8be-8315bfe74a89,359327208,2024-10-22 23:48:43,Accepted,Bid,"Pembeli Fitria Sihombing menawarkan Rp 359,327,208.00. Penawaran diterima."
b327c35c-833f-4735-9ae3-9b6136ac6b64,ee5dd35a-1896-4e41-b6da-fde836b6de1a,1afe4d91-64fa-49c6-9aee-54170e25783e,94056664,2024-08-29 04:47:47,Accepted,Contract,"Pembeli Ciaobella Pangestu menawarkan Rp 94,056,664.00. Penawaran diterima."
af9ff1e7-3259-4099-8f51-f219a7588630,e86bbbd2-16be-460d-9226-46e819d004ac,b31c151f-af08-4aaf-9740-8f3e55832c76,110222561,2024-08-17 03:22:06,Rejected,View,"Pembeli Endah Haryanti, M.Ak menawarkan Rp 110,222,561.00. Penawaran ditolak."
133e68c6-1858-462d-bfe8-67996679dca1,09021a8e-b67b-4ec8-96c0-dda1d867d8e0,2042bcb0-7151-4ac9-8912-a6a86d6ee149,261279387,2024-08-24 14:06:55,Accepted,Contract,"Pembeli Ilyas Mustofa, S.Sos menawarkan Rp 261,279,387.00. Penawaran diterima."
185dd8c3-ef2d-4393-8153-cb7cd990bf78,398dc0ea-0cd1-4587-8203-9d1113456578,68763d6e-e6ed-4a1d-aac0-4166cbfae9da,317794237,2024-03-18 05:06:42,Rejected,View,"Pembeli Nilam Kusmawati menawarkan Rp 317,794,237.00. Penawaran ditolak."
020a5141-24df-419c-aa08-6b7f119dbf5b,12e8b767-36b4-46d8-a3fb-1327944970cb,b7f7737c-bdae-4256-8a45-3221fd7a3296,263582016,2024-08-01 00:18:51,Accepted,View,"Pembeli Indra Firgantoro menawarkan Rp 263,582,016.00. Penawaran diterima."
78f8c5f0-8d70-4ed6-9115-4347e4583064,9c48432b-34d4-47ca-a671-c9587bc7ac11,c8d62b48-6aba-49fd-aecc-4e2775191633,416861676,2024-01-02 14:55:41,Rejected,Contract,"Pembeli Kariman Sihombing menawarkan Rp 416,861,676.00. Penawaran ditolak."
42e7ec72-d522-49da-8c21-3153a81bab09,8a865b18-3091-4d45-9ea1-37931926eecc,01f43cd5-fb6c-4491-9a23-b7637c1a9e4a,387877191,2024-03-30 17:53:19,Accepted,View,"Pembeli T. Emong Pradipta menawarkan Rp 387,877,191.00. Penawaran diterima."
1788faa9-b8c5-4461-98b9-328f89e7c34d,629c958d-32a8-423b-be2e-9cf8f138b219,2085a4c3-391c-48ef-94b7-086340579971,411606306,2024-11-26 06:31:16,Pending,Contract,"Pembeli Maria Lailasari menawarkan Rp 411,606,306.00. Penawaran sedang diproses."
b4f015e2-a988-4edd-bd18-c60e0f0291ca,7eac67be-1e0c-4a73-81b9-a162537bf043,c5aa1db1-d1db-4078-bcf4-aa51d4c422a6,286052304,2024-05-21 06:20:09,Pending,Bid,"Pembeli dr. Daruna Iswahyudi menawarkan Rp 286,052,304.00. Penawaran sedang diproses."
2e0cb97e-f656-4040-b07f-79dad2568058,10719115-7e24-4040-afdc-90310df1d1f6,2620469f-6f9e-42c8-b81f-d4ec9bbc1259,226262842,2024-06-16 03:13:51,Rejected,Bid,"Pembeli Xanana Irawan, S.I.Kom menawarkan Rp 226,262,842.00. Penawaran ditolak."
dcef65b0-8d11-4720-9b6a-341de54ba1c5,a1c8c6ab-da6d-41d9-afcc-7718074ed95c,d8199c4f-b801-4f6a-a405-5a4ce8ba00ef,252160717,2024-04-29 19:17:43,Rejected,Contract,"Pembeli Najwa Saputra, S.Farm menawarkan Rp 252,160,717.00. Penawaran ditolak."
77706bc3-9aa9-44d9-beed-5404e8eac985,254cd9cb-5558-4c55-b395-d08bd0c86485,7cf30090-e0d1-462a-9271-a830f7fbef63,284647732,2024-11-26 00:00:23,Rejected,Contract,"Pembeli drg. Asmadi Widiastuti, S.Farm menawarkan Rp 284,647,732.00. Penawaran ditolak."
c5a1097f-2099-4d1c-bf0f-3e4337257dd4,1c2a0b2e-8514-46d5-81bc-7900e6ca1ed6,1050b187-49c0-4e93-9a42-0b3579cc6258,400665323,2024-10-07 00:47:02,Rejected,Bid,"Pembeli Argono Wijaya menawarkan Rp 400,665,323.00. Penawaran ditolak."
feea8068-380a-4b77-be9c-148871b2e379,4de7f9c5-821c-4870-a867-6f78b9e813de,462ce57b-f2e9-458f-89a4-b8a9c6b17db3,114155026,2024-06-23 14:15:42,Accepted,Bid,"Pembeli Pangeran Tamba menawarkan Rp 114,155,026.00. Penawaran diterima."
8ef84614-edef-4a37-b6e2-aaf20f3844ac,57024059-c7ab-4eab-a53c-3806dfafe85e,3b5c6525-9de0-4d21-a77c-463548c53c9d,329898028,2024-03-25 16:18:12,Pending,Contract,"Pembeli Michelle Kusumo menawarkan Rp 329,898,028.00. Penawaran sedang diproses."
c3c5cdeb-774f-4278-b7fe-d1deafa4babd,89d0aa8d-ff44-4934-a69f-9d62f1e8fe8d,23be6397-1f58-4690-b973-1ddf119a5aba,229861912,2024-03-09 03:24:38,Pending,View,"Pembeli drg. Johan Zulkarnain menawarkan Rp 229,861,912.00. Penawaran sedang diproses."
a2ca27a1-8315-436d-8154-9e2e03fff8a6,d80c78f4-b41a-4299-af9c-f8f121d97180,4b8fd95d-a391-4913-8608-e59107d810b0,113592932,2024-10-27 23:18:24,Rejected,Contract,"Pembeli dr. Karimah Sudiati, S.Gz menawarkan Rp 113,592,932.00. Penawaran ditolak."
71a1a2aa-0a39-4059-9e5d-8d56192b5437,2254cee3-5b90-4f1c-a0f0-c6918f7b8968,d3d2b580-acb3-483a-9924-8eaae0725514,206757030,2024-06-16 10:08:22,Accepted,Bid,"Pembeli Gamblang Rahayu menawarkan Rp 206,757,030.00. Penawaran diterima."
b6425f98-2f03-4803-b83d-73ed0c23a652,5f72b639-8ded-402e-a47f-745481f438f3,5b368293-1b7f-44f5-8d13-775224ce364c,244072398,2024-11-22 23:12:27,Rejected,View,"Pembeli Purwa Prakasa menawarkan Rp 244,072,398.00. Penawaran ditolak."
336327c0-2fb6-4a39-b070-79db2b87ede8,8ddcd9e0-9fa9-464d-a88f-8af6c18a25f7,29da1372-f4f1-4eb5-88b1-c8869eb10f09,129358657,2024-04-25 15:10:44,Pending,Bid,"Pembeli Yahya Mustofa menawarkan Rp 129,358,657.00. Penawaran sedang diproses."
9d1593be-8a83-41b0-aa13-1227b879579e,e0a6f575-d3e9-4cea-a71a-164c33b826af,b6743248-c2b9-4824-a80c-c7d0e4eacb63,170929801,2024-02-08 05:29:29,Rejected,Contract,"Pembeli Zulaikha Hartati menawarkan Rp 170,929,801.00. Penawaran ditolak."
9ae756f1-099c-4660-bb27-754ed455dc81,a86a64b8-1853-4cd2-8029-dd004c5dbf57,ce9956df-ae49-4cda-b8dd-97889a21562f,435340762,2024-02-21 22:11:33,Rejected,View,"Pembeli Paulin Habibi, S.Gz menawarkan Rp 435,340,762.00. Penawaran ditolak."
c3d450c2-a49f-495c-ad7c-5eec717326d7,829d8510-9265-42f8-bf2b-bc14cffe9e0a,1535c447-4463-4779-a89f-a8a92dd1769a,382344627,2024-03-30 14:46:07,Rejected,View,"Pembeli KH. Edi Prasasta, S.Pt menawarkan Rp 382,344,627.00. Penawaran ditolak."
be2b2cb2-ae88-4551-806a-a1055d5b421a,c079aab4-ce17-4d34-aa53-b4e356d47b26,1b16df82-b7d0-4394-9769-bab69edb411d,220475573,2024-11-18 01:24:32,Rejected,Bid,"Pembeli dr. Marsudi Megantara menawarkan Rp 220,475,573.00. Penawaran ditolak."
baa1caf0-1536-449a-8ca6-ea722606489e,734673d5-16d5-4e48-88ca-314bdc4867e4,99692518-adfb-4d0e-a7d0-993c4f672fa3,409696779,2024-07-14 22:35:05,Rejected,Contract,"Pembeli Ibun Kuswoyo, M.Farm menawarkan Rp 409,696,779.00. Penawaran ditolak."
13acc7a6-878c-4711-a01c-8ca3aae35797,7be874be-eb39-4d5a-9f5b-0e62c22bb8d2,d102c47a-7d7d-497a-9726-7e5b9922cfde,268342708,2024-09-03 20:14:25,Accepted,Bid,"Pembeli Hj. Ghaliyati Mulyani menawarkan Rp 268,342,708.00. Penawaran diterima."
5469edb8-8e0f-4294-92d3-db33ab423497,7c94ff25-6631-4795-8eb1-6207691938da,cd0ede0a-0d6d-4674-91cf-b223c526944d,190884894,2024-05-11 08:42:43,Accepted,Bid,"Pembeli Nabila Marpaung, S.IP menawarkan Rp 190,884,894.00. Penawaran diterima."
cd79a3ed-1417-4aca-8277-af43e73cd751,601032a3-9980-40ea-b55f-65daa3156c02,800d8564-b03a-4512-8dc5-4f02dae6fcd3,305071703,2024-03-10 07:12:29,Pending,View,"Pembeli Eko Budiyanto menawarkan Rp 305,071,703.00. Penawaran sedang diproses."
b9d9efd7-d173-4b3a-a23d-f51c82402a0c,c7f8020c-2059-438b-a8b2-35e5575ae2bc,6a88ec41-41c5-494a-9eef-2cd361cf2420,227078992,2024-08-19 16:29:33,Rejected,Bid,"Pembeli Lidya Lailasari menawarkan Rp 227,078,992.00. Penawaran ditolak."
d6d1fca4-cf57-434a-8d47-1005cdbd4ebe,582b19e0-5eea-4862-83ca-3bfdcdc2cab6,47225271-a95f-431d-a80f-99dba8b3c2d8,195270194,2024-01-11 21:18:39,Pending,Contract,"Pembeli KH. Arta Wastuti, M.Pd menawarkan Rp 195,270,194.00. Penawaran sedang diproses."
8d81889d-f90e-48ce-87b8-3f1a980e3cf4,07f9202c-096f-4f3a-9ef9-8d905df89de2,cfeae193-7b3d-4f8f-8cce-f490c34876f5,292865578,2024-02-17 09:41:57,Pending,View,"Pembeli Eka Simbolon menawarkan Rp 292,865,578.00. Penawaran sedang diproses."
1f1c1ade-b1fb-4163-8a54-e0ee6cbdee8c,2e80dfa2-f07d-438a-a815-c0121ece6b57,0c1fc2d9-1a1d-4f84-bd63-58a27ddea244,264380032,2024-07-03 21:47:53,Rejected,Bid,"Pembeli Agus Ardianto menawarkan Rp 264,380,032.00. Penawaran ditolak."
c712d4ce-2be4-4a86-9a0c-dd1d47cfffc9,0b234b00-0f33-4272-b63b-96d7087f73c3,d0a5cb56-30b1-4491-8a9b-573d2f1c1ae7,315337885,2024-07-10 15:42:32,Pending,Bid,"Pembeli Sabri Suartini menawarkan Rp 315,337,885.00. Penawaran sedang diproses."
ec62bcea-ce06-4a69-a6a6-306b14b0c308,286f562e-8c5f-4fe2-8642-e758e17b8bf8,5a29b8ff-a16a-4d67-9c11-2a1ae7ed1190,168018590,2024-05-24 03:18:49,Rejected,View,"Pembeli Cinthia Sirait menawarkan Rp 168,018,590.00. Penawaran ditolak."
c4d6f476-1617-41db-9593-26f050ce9738,20fe7940-e0ec-4ba6-af93-5e4f9e2d62e8,a76bccae-f452-4df1-b4c3-14a35e2f89e8,157733341,2024-07-11 10:42:50,Rejected,Contract,"Pembeli R. Kusuma Prasetyo menawarkan Rp 157,733,341.00. Penawaran ditolak."
3d5b1626-a08e-4a27-bfc1-5b2d7e82f408,b0c96620-5c7e-4db0-8079-704aae0dc413,ed1a0919-702d-4b59-9381-884947403264,302796509,2024-10-30 22:21:40,Accepted,Bid,"Pembeli Ade Fujiati menawarkan Rp 302,796,509.00. Penawaran diterima."
ddd3350a-eb51-41a0-b781-944eb0d2ae59,d01a8f50-8e2d-4b0b-ad29-112911243fee,ae2ec489-2fb5-4f50-853b-3155f398b07c,202433129,2024-05-17 06:27:40,Rejected,Contract,"Pembeli Tgk. Septi Adriansyah, M.Kom. menawarkan Rp 202,433,129.00. Penawaran ditolak."
fe1c1007-16f3-4ca0-835a-70a0e4b9adee,b151060f-56c8-4f77-a73e-8d30df5ab84b,ff56be45-1ca7-4a8b-b24c-ddef6c92a339,344918366,2024-07-31 12:27:47,Pending,View,"Pembeli Tgk. Gina Yuliarti, S.Sos menawarkan Rp 344,918,366.00. Penawaran sedang diproses."
cff23930-3711-4567-9387-dedecc716ce9,48ae493c-ebe1-410b-ab63-4923aa27e159,3c866f18-cbf3-4748-a4d2-28a852a17a79,435129034,2024-05-23 05:26:46,Rejected,Contract,"Pembeli drg. Lidya Wijayanti menawarkan Rp 435,129,034.00. Penawaran ditolak."
99053cb8-4471-47bb-b3e2-7ee428320ebd,39ef1578-4aca-440e-91fd-7b9da74f3ce0,c025a126-cf8c-4680-8e11-229c0e40bd95,311691325,2024-05-29 20:02:44,Accepted,Contract,"Pembeli Suci Prastuti menawarkan Rp 311,691,325.00. Penawaran diterima."
9d523412-ba39-40a4-8119-996e5ee59bc8,56f5fdfc-ff02-473f-bb09-38b229525bac,5fa5d7d7-aa59-4462-ba8b-f9f4007e6255,255696664,2024-02-27 12:32:58,Rejected,Bid,"Pembeli Okta Kuswoyo menawarkan Rp 255,696,664.00. Penawaran ditolak."
a0f0ebbd-09c8-4224-8d38-1926e70aded3,2fd99ffc-4f6c-4102-b1b4-2708dfcc6cce,e97117a3-33b5-4c1a-a7c0-18011b6de781,122879689,2024-02-13 09:16:35,Rejected,Contract,"Pembeli Aris Simbolon, M.TI. menawarkan Rp 122,879,689.00. Penawaran ditolak."
ff5030cf-bfcd-4c89-85f7-15c115e74d9a,8def46c5-8dc0-44a1-b5d3-18ae094919a7,927ac760-5a80-4a86-8da4-1b3487fb4ed0,250019532,2024-05-19 08:36:33,Accepted,Bid,"Pembeli Dr. Ajiman Padmasari menawarkan Rp 250,019,532.00. Penawaran diterima."
643f2e1b-2648-434e-a58b-d19e5f2515b2,4daf3cb0-40f2-48f8-a41a-202062363e0d,c910defe-37a0-4bd9-91ac-1d41733fec29,348592133,2024-04-14 10:56:16,Pending,Contract,"Pembeli Diana Kusmawati menawarkan Rp 348,592,133.00. Penawaran sedang diproses."
1e0ec910-4ba2-44ba-a4b2-5ef11bed8ea1,8c2711bb-4fbe-4a00-83e8-05b64a9e52e3,3fc59a8b-20f6-4d81-8410-0a9c7be6541f,403339541,2024-02-15 10:09:23,Rejected,View,"Pembeli Kasiyah Prayoga menawarkan Rp 403,339,541.00. Penawaran ditolak."
698b5431-f722-4bac-96cc-245743c87c90,c5510e0d-ddd4-4963-89bc-587fb14ca3ed,cd3bc83d-9428-4dda-ad9b-a2d82a1ce847,364715094,2024-03-01 08:10:19,Rejected,View,"Pembeli R.A. Aisyah Lestari, S.IP menawarkan Rp 364,715,094.00. Penawaran ditolak."
942fd21d-fa88-42a1-8b0d-08a834d30c3c,1ef6739f-80a6-4553-b7a2-b489f73fce18,d61ab11b-3c5a-4b45-b6f2-98d77de05e96,398685521,2024-07-26 09:00:57,Accepted,View,"Pembeli Sabrina Pranowo, M.Kom. menawarkan Rp 398,685,521.00. Penawaran diterima."
e17f43b5-0eec-43e0-89f9-6f95093dd211,d7d7486e-5e8f-41d7-b923-cac639911f2b,a38065db-a7b8-4126-a562-8f65758a86bc,390468842,2024-08-02 05:47:42,Pending,Contract,"Pembeli Clara Widodo menawarkan Rp 390,468,842.00. Penawaran sedang diproses."
113e6730-6090-4435-ab64-241d8809cc67,1ffb6480-825b-42ca-a620-0f5b5a0df1f8,b1816451-94fa-4d73-b656-8a86e5960a05,92826901,2024-08-09 07:17:54,Pending,Bid,"Pembeli R. Karna Gunawan, S.Pd menawarkan Rp 92,826,901.00. Penawaran sedang diproses."
05b91c58-2b6f-41bf-93f8-02fc03fb81e6,607df43f-7e65-49a4-9c05-d2e954ce6cc1,90b12f9a-2f77-4a36-926f-c774b2aae85a,328907049,2024-05-05 20:40:31,Rejected,Bid,"Pembeli Dadap Siregar menawarkan Rp 328,907,049.00. Penawaran ditolak."
2b01e114-eb12-4fbb-a206-f906d6f7e6b8,be324033-25ed-4fb2-9c4f-18be9ca3f6cb,fba1f33b-ec18-4ae5-8687-6b46e7fbdc67,351649043,2024-01-09 17:42:21,Accepted,Bid,"Pembeli Yusuf Pudjiastuti menawarkan Rp 351,649,043.00. Penawaran diterima."
a2da4272-6686-4900-bbef-cbd6f8be728a,581d6e5d-a575-4021-8678-3d5b71735f21,dfc5fd61-ecf1-4e65-8563-e407627d99dd,121811606,2024-04-20 10:46:18,Pending,Contract,"Pembeli Bakiono Megantara menawarkan Rp 121,811,606.00. Penawaran sedang diproses."
eb2d2951-9da2-4b6a-9135-d883081e8ad5,76a98325-829f-4ed2-b8cb-3287c1be8ece,3bc7e799-cae4-47ff-9fba-e53d298c653d,119951430,2024-09-27 14:56:11,Pending,Contract,"Pembeli dr. Caraka Wahyudin menawarkan Rp 119,951,430.00. Penawaran sedang diproses."
e6c410cf-0a42-43f1-907f-24033a487d32,028ed205-3fb1-44d9-b72c-398d0de193df,ce1eaa5c-ad02-4cd6-907b-fdfdb4f40175,359882623,2024-01-25 07:31:05,Accepted,Bid,"Pembeli Amalia Utama, S.E. menawarkan Rp 359,882,623.00. Penawaran diterima."
4217ee47-9a4b-4474-823d-abc8de7d54df,fcb0bf93-e64f-40f5-9bd7-66cad04d4454,7152ceba-c8c9-4a0d-b8cf-033a3e4d1ba1,304574611,2024-07-11 23:10:05,Pending,Contract,"Pembeli Puti Ophelia Zulaika, M.Kom. menawarkan Rp 304,574,611.00. Penawaran sedang diproses."
6aa4cf26-5db1-4a19-82fc-0180cca1e264,2a7ff83c-f80f-4474-8b1e-c52751ee05f0,e6696b52-2128-4b2a-b0ec-86764d0129c0,333799900,2024-04-30 00:23:05,Pending,Contract,"Pembeli Calista Winarsih menawarkan Rp 333,799,900.00. Penawaran sedang diproses."
e95ad69a-e1e3-4624-ac3f-9823259f0fd3,a0cfaed8-7c8c-4e27-b709-ec460760ae50,f73480ec-f72e-4854-b9e6-b05e16e3e237,190492570,2024-03-05 23:04:55,Accepted,View,"Pembeli Baktiono Andriani, M.TI. menawarkan Rp 190,492,570.00. Penawaran diterima."
a2d0be68-1550-49bf-9e08-6b0d07e46462,aa55f3ce-3cdb-4f31-bdd7-8837987a95a9,8fca16b3-cf52-4448-85c5-975394ef2293,275751498,2024-05-29 15:05:21,Rejected,Bid,"Pembeli Cut Gilda Anggriawan, S.E.I menawarkan Rp 275,751,498.00. Penawaran ditolak."
d9669dab-a756-4d9b-92a3-eef8cda77439,71cacf4e-f065-4516-84b1-59b9520f43f8,28c5d0e9-017e-4917-bc45-a861b2338718,415807708,2024-02-12 17:21:28,Pending,View,"Pembeli Bancar Wibowo, S.E.I menawarkan Rp 415,807,708.00. Penawaran sedang diproses."
bcefc3c8-0c82-4456-8324-1c9cc9ef4ccc,0f02393b-b659-47a8-812e-94e187a13fa2,2854b3a5-c566-4272-b24c-8f85064db831,298216839,2024-03-01 02:15:07,Accepted,View,"Pembeli Candra Usada, S.Kom menawarkan Rp 298,216,839.00. Penawaran diterima."
bb299548-96dd-4f19-b576-0856e770f384,546dfc3c-e640-4811-8884-0b6a64fa5ad9,0f59e8f5-7aef-47f2-84de-7444734a2b76,400660415,2024-10-17 20:17:41,Accepted,View,"Pembeli Kania Laksita menawarkan Rp 400,660,415.00. Penawaran diterima."
0b634cd4-5710-41c6-8ac1-373ed64340f6,62ae3450-7e73-4fdb-909c-3e3fca2609cb,ee330328-a022-446f-8d2c-5e30df54296b,421154444,2024-04-02 11:43:35,Accepted,View,"Pembeli Farhunnisa Hutapea menawarkan Rp 421,154,444.00. Penawaran diterima."
0502b292-9ad6-4bcf-a469-7ff73d7a331b,dde06c07-f34c-4086-b5a5-d431f09d1d33,934f8ca6-4a50-4e92-8348-2efe6c631b8b,159841851,2024-05-10 03:35:50,Pending,View,"Pembeli Atma Budiman menawarkan Rp 159,841,851.00. Penawaran sedang diproses."
71dc6c05-cba7-41c6-8e8b-a661ca2e4cf3,8fe70f46-5812-46fe-8fc4-275aacd098df,36045149-284e-4515-a8fb-849851e41fdf,157817487,2024-11-07 09:31:09,Pending,View,"Pembeli Tania Widodo menawarkan Rp 157,817,487.00. Penawaran sedang diproses."
a5acfd5e-4a53-44be-8608-254e7e77cd00,a9a827d2-e80a-4574-bde5-e1d70430d530,7545f566-abf6-40be-9b8d-41a606ead161,263383539,2024-06-14 23:19:46,Rejected,View,"Pembeli Ade Uwais menawarkan Rp 263,383,539.00. Penawaran ditolak."
86429d5b-557a-48d9-9cd1-a42e89a823ea,8b73f16f-d031-4071-a1f7-03859a5895a6,91f8e326-1f72-4d46-a86d-7b6fd112f9db,236668721,2024-05-29 04:13:57,Rejected,View,"Pembeli Nilam Mulyani menawarkan Rp 236,668,721.00. Penawaran ditolak."
b2086300-679e-4c76-bb8f-44edaa7c163c,b8d0e61a-a1c3-487a-9e9e-009fcb522d28,0444f8c3-0b32-4009-8579-fea8e333f2dd,210121972,2024-07-17 18:59:23,Rejected,Contract,"Pembeli Kardi Laksmiwati menawarkan Rp 210,121,972.00. Penawaran ditolak."
49f12a24-8f99-4cc4-a8f4-d81ca2e78213,9e4c67e6-87bd-4380-84de-8578c1836675,0c1b8bb0-5ffc-4f7e-b90d-74f34afbd527,303712583,2024-07-31 13:37:42,Rejected,Contract,"Pembeli Maimunah Gunawan menawarkan Rp 303,712,583.00. Penawaran ditolak."
2c8911a0-e221-463c-ae39-3664365fd6e2,a346e077-203b-497f-abda-b80d06906197,fcf4b574-ce5c-44f9-a159-319fe5ac14bc,171194839,2024-09-24 20:27:29,Pending,Contract,"Pembeli Wasis Wastuti menawarkan Rp 171,194,839.00. Penawaran sedang diproses."
400d4ab3-327d-4c51-9a40-7e91ecc8b741,98a3fdc4-62d5-4634-af4f-95a811d1cefd,3ace442e-4d4d-4936-8b04-3b8dba28164a,105436815,2024-04-19 06:43:00,Rejected,Contract,"Pembeli Capa Hidayanto menawarkan Rp 105,436,815.00. Penawaran ditolak."
614568a0-9f4d-4f4c-bc3d-5d877aa9e181,e01d22fc-a191-40fc-a57f-1c9a9b643486,6f95b3dd-eae7-4dac-bf60-0f31e115e7d4,420578404,2024-10-22 15:59:37,Rejected,Contract,"Pembeli Dirja Prasetyo menawarkan Rp 420,578,404.00. Penawaran ditolak."
32453598-1435-474c-b1af-710241224d07,26269d70-a7d9-445d-b2e9-4892784a8a23,762cf851-68a9-4e2c-94af-a89a5bdb6728,249530168,2024-04-28 14:39:44,Pending,Contract,"Pembeli Hj. Ade Kuswandari menawarkan Rp 249,530,168.00. Penawaran sedang diproses."
f8761338-2354-412c-a8f5-56f1e0aea54c,c98c3a4b-bcc6-416c-b379-3e1da87ce75a,3d24bbe0-3ff9-496d-892f-84add2a2797c,367058372,2024-07-15 10:25:06,Pending,Contract,"Pembeli Garang Yulianti menawarkan Rp 367,058,372.00. Penawaran sedang diproses."
13456ea7-b5ca-4cb1-8cea-21c0c56b2c65,0a423643-0a47-4663-bcd1-b5d1eb7e1273,c63ee37a-70a3-4d0d-a5f3-2bff6121a381,364017715,2024-03-24 21:22:04,Accepted,Contract,"Pembeli Damu Susanti menawarkan Rp 364,017,715.00. Penawaran diterima."
a9c0608a-3d36-46f1-a801-a2f0321a48a1,4ed7ea2d-dc25-4db1-a30c-d0535de68423,31bacb87-3175-4510-8821-6a68312ab97e,334978122,2024-06-18 17:56:20,Rejected,Bid,"Pembeli Wani Oktaviani menawarkan Rp 334,978,122.00. Penawaran ditolak."
f9cb0136-908d-473c-8858-505f7b473344,f0bbfdc0-fd85-417f-b848-12ffef68ac6e,e8acce5a-c74f-4c89-9d04-e9bd2c5206ae,164543101,2024-11-20 05:42:10,Rejected,Contract,"Pembeli Eli Nashiruddin, M.Ak menawarkan Rp 164,543,101.00. Penawaran ditolak."
f429649d-6f52-4564-bc11-75f44dfeaec9,23711325-526c-47e2-86fa-63a8d91450b3,981f75e7-a682-4902-b8e7-89d42a281013,155988363,2024-09-30 02:57:10,Accepted,View,"Pembeli Lasmono Firgantoro menawarkan Rp 155,988,363.00. Penawaran diterima."
285038d2-3052-43c2-afda-7a65a28d8a14,4d7f2824-71ea-4922-ad77-a939ecac4ce4,e01ea67a-c5e8-42d5-b4de-957edf62e2b9,300591655,2024-01-26 12:29:15,Pending,Contract,"Pembeli T. Abyasa Uwais, S.H. menawarkan Rp 300,591,655.00. Penawaran sedang diproses."
de41ed1d-ce62-4e34-9ec2-3971c7e4e892,d27903e5-c41d-403b-93ed-77e91ce9952f,29f36658-9f61-4128-9a55-5cdb3bb7e08b,224883359,2024-01-06 12:06:52,Pending,Contract,"Pembeli Dr. Kanda Usada menawarkan Rp 224,883,359.00. Penawaran sedang diproses."
93f4ab87-9e23-4145-9a2b-aee319d9b927,f96460af-cd8b-43c5-9260-3d922eadfcf8,36e58a8f-7687-47b0-ab2e-5524b79abac0,401299577,2024-05-24 05:27:56,Accepted,Bid,"Pembeli Tgk. Patricia Lazuardi menawarkan Rp 401,299,577.00. Penawaran diterima."
d15655a3-c824-4112-847f-572b60f8b661,9264da21-76c0-4408-883a-5b57ae42cbaa,45aeece7-86bb-43c3-b9cf-eba1f1ea0256,144104967,2024-07-17 10:54:51,Pending,View,"Pembeli H. Indra Uyainah, S.Pt menawarkan Rp 144,104,967.00. Penawaran sedang diproses."
f5a1f8ea-cb1d-40a6-a3ac-0bb4d5d84786,dc9113ee-2004-4349-9168-d76c6fc31f0b,52d1ae61-8a4b-4ece-b98c-39bb9d54fa64,332376183,2024-06-15 02:53:12,Pending,View,"Pembeli Niyaga Ramadan menawarkan Rp 332,376,183.00. Penawaran sedang diproses."
3585e2db-8199-47a1-9676-5198310f65f8,3a8bca59-7920-4762-a7bd-2062452cf68a,7f9bfd76-e718-474d-b33b-8924678840bc,213381342,2024-02-09 15:07:05,Rejected,Contract,"Pembeli Kayun Hutagalung menawarkan Rp 213,381,342.00. Penawaran ditolak."
f1fca697-907b-4ba1-a848-0d7061e1acdb,ec52a983-5991-4bb4-b1a1-b3334d8413bb,c8b355d5-7515-43ad-8b43-44bfcea569c1,359178976,2024-10-14 09:45:34,Pending,Contract,"Pembeli Arsipatra Wulandari menawarkan Rp 359,178,976.00. Penawaran sedang diproses."
202162ad-1986-421c-8c45-75cebb095754,dfc3663b-1168-4dcd-bbea-50afbf98e539,643cb8cc-59d1-4dea-9830-f364650915ef,293987129,2024-06-08 19:54:45,Accepted,View,"Pembeli R.A. Victoria Siregar menawarkan Rp 293,987,129.00. Penawaran diterima."
eca28ea2-d206-4478-b5fb-7acf5136a93e,1623860f-11c8-4120-b8bc-61733f2503e4,ffe07f66-6ba6-487b-b4c7-aabf5c453ab9,237366087,2024-11-02 12:31:56,Accepted,Contract,"Pembeli Padma Siregar, S.Farm menawarkan Rp 237,366,087.00. Penawaran diterima."
0858a50c-eeea-4e81-b00e-3988af1cd0a8,c8e3dd17-0b26-4224-97d1-d8186cff2f83,a8316dc1-8616-4164-bca7-5b38a7c68222,92029252,2024-08-11 23:01:36,Accepted,Bid,"Pembeli Amelia Mulyani menawarkan Rp 92,029,252.00. Penawaran diterima."
35932c8b-14e5-49a9-b63d-d7d3b2e577bf,c0944996-bce3-49f8-aea3-a54fbd574f9a,79cd6eaf-176b-46e5-8c36-cce33e51f37e,159617513,2024-09-06 17:56:17,Pending,View,"Pembeli Nova Widiastuti menawarkan Rp 159,617,513.00. Penawaran sedang diproses."
e758fc92-1ef4-41c2-9de5-8297d6ddfaa1,f870be6c-7884-488f-9b16-b354d0c0ff8b,3cf232aa-686d-4c62-a1a0-8aa91b8a7569,216609302,2024-01-07 02:32:26,Accepted,Bid,"Pembeli Dinda Halimah, S.I.Kom menawarkan Rp 216,609,302.00. Penawaran diterima."
2a1b4049-a82e-4af1-b329-8760354e640c,b836b78c-33a7-4b2c-bc09-18920bfbea22,c43bb9fa-6d8f-4649-8394-087b81e47d9d,219309344,2024-01-18 04:48:59,Rejected,Bid,"Pembeli Febi Yolanda menawarkan Rp 219,309,344.00. Penawaran ditolak."
3639996a-1fd1-4b5e-aac3-35b4c12c3027,52254083-f866-45f8-9217-f38e1234253d,8bf8e7f5-afa2-4d8c-8a91-fa94fb8c05b5,408827200,2024-07-01 08:26:27,Rejected,Bid,"Pembeli Safina Halimah menawarkan Rp 408,827,200.00. Penawaran ditolak."
ad97d804-478b-4885-b873-b4b271f4dca5,49513ed0-a96e-4ec4-b2c7-4ad21a304524,7ea45bb6-217e-4d7c-9517-5034fdedba7f,419676272,2024-11-25 18:27:06,Rejected,Bid,"Pembeli Dr. Rudi Wibowo, M.M. menawarkan Rp 419,676,272.00. Penawaran ditolak."
0b0c2f46-fd67-4c83-bec7-14d8280e7848,5b0fe96b-32fb-4951-ba88-6ee7a3da3c08,f69563b8-aa1b-4a11-a476-0c00a3ea59b8,116984352,2024-04-27 07:10:02,Rejected,View,"Pembeli Fitriani Waluyo menawarkan Rp 116,984,352.00. Penawaran ditolak."
a5ec2d75-3005-4238-a2f5-490186d983c1,961b38ad-8c8c-468e-a22c-37aef50618e1,2982fd03-7762-451a-829d-20ac6dcbdb87,197230737,2024-07-21 11:04:15,Accepted,View,"Pembeli Gilda Hariyah menawarkan Rp 197,230,737.00. Penawaran diterima."
05b870ff-462a-48a3-8b74-9429c44eb3a4,d1557036-74e2-4623-9de3-74b7c044c2b9,22f96da4-1ae9-4fe9-acd8-53622705d7df,446602514,2024-08-30 10:32:33,Rejected,View,"Pembeli Prayoga Namaga menawarkan Rp 446,602,514.00. Penawaran ditolak."
f2b76bbd-8191-4859-9bd8-921e80253c42,25c1ce38-1e4d-4c98-9b6a-a6665907eb4b,fa448315-79f5-4486-bbd4-def14e8fd1b7,326643265,2024-07-16 07:07:22,Rejected,View,"Pembeli Yahya Farida menawarkan Rp 326,643,265.00. Penawaran ditolak."
18ac524b-016a-4d60-aa17-cdbcf8344ce8,4760bfda-7494-4c9c-a4e2-d49e2cdbc999,cb884331-0e72-4080-90e3-29beb09f534d,229662655,2024-10-11 19:26:10,Accepted,Contract,"Pembeli Lidya Permadi menawarkan Rp 229,662,655.00. Penawaran diterima."
94b6c3b1-f092-487d-a68f-476a20659e3b,7442ae94-e248-4d81-a16e-226524597a0b,53f1daba-c88f-4be2-b468-b2291717e772,99285944,2024-02-15 21:49:55,Rejected,Bid,"Pembeli Prabowo Ardianto menawarkan Rp 99,285,944.00. Penawaran ditolak."
dcd8a848-ff62-4e42-9cde-d1fa46692585,b40ae154-4555-412d-b5fe-d84c1c0c38f1,555aadfb-ec2c-4f4a-85e5-d53bb32beb69,240469997,2024-04-23 06:35:16,Pending,View,"Pembeli Dacin Thamrin menawarkan Rp 240,469,997.00. Penawaran sedang diproses."
53b0e856-3a3b-4371-8552-417df001c0ea,b826dab4-ce7b-48db-8192-59c6b0a6f973,34b91681-456e-4c59-bf46-c8e828620cec,178626923,2024-01-19 12:55:23,Pending,Bid,"Pembeli Cut Talia Nasyiah, S.Kom menawarkan Rp 178,626,923.00. Penawaran sedang diproses."
fa1344de-7e77-4563-8b47-9d5d60928634,0ec5a0f9-3b00-411e-8f75-80bd9f145fd3,e96e21bf-e4de-4f6e-b8af-b07f7cc4ee6a,144486635,2024-07-29 20:46:22,Pending,View,"Pembeli Jatmiko Usada menawarkan Rp 144,486,635.00. Penawaran sedang diproses."
54db742b-e215-4cbd-baa5-29432e4a1099,254b9842-5bed-4e3e-b915-3cf06665484b,b8fcbc6e-d7e5-432b-9b1a-6341443cb758,197257586,2024-06-09 08:15:43,Pending,Contract,"Pembeli drg. Halima Yuniar, S.Pd menawarkan Rp 197,257,586.00. Penawaran sedang diproses."
30256a26-2655-4b3b-9a9f-0be9c8e11315,03d0905f-d3a4-4ed1-96a5-b8fad985cb8b,0e7429db-55d5-4ec6-8d5a-b3c939359c4c,245158030,2024-04-21 18:13:52,Accepted,View,"Pembeli drg. Victoria Hassanah, S.IP menawarkan Rp 245,158,030.00. Penawaran diterima."
2a797e59-45b7-4c91-b917-b8c905dcd3ad,4b4607e0-506e-4be8-a449-b8817e30f0a1,5e317769-1e25-4609-8f6d-0fc0c4ccfbc6,104457184,2024-09-09 19:16:55,Accepted,View,"Pembeli Halim Prayoga menawarkan Rp 104,457,184.00. Penawaran diterima."
03bf5312-48f7-4816-a7fb-a64c63b476a7,2d1b8805-7c17-4ca5-91ac-3eb5f6373673,baed032e-9136-46b5-b476-3d03b285c3c6,153140140,2024-03-02 17:55:19,Pending,Contract,"Pembeli Balijan Winarsih menawarkan Rp 153,140,140.00. Penawaran sedang diproses."
49123412-5278-4f49-8b9b-8c39b4ad8b54,0ac65509-ae71-4a54-8348-ef5bfce19e28,2420b504-0aaa-49d5-882a-2f9f230dd762,418930973,2024-11-06 22:50:12,Rejected,Bid,"Pembeli Gada Yolanda menawarkan Rp 418,930,973.00. Penawaran ditolak."
ec960648-da37-42fd-8021-cf28f4496052,6e4f6cdb-72fc-4849-987d-002a69d03b3e,5de9dbd0-017f-4bb1-88a0-a6f04833b6a5,395313662,2024-05-07 14:07:36,Rejected,Bid,"Pembeli Puspa Wasita menawarkan Rp 395,313,662.00. Penawaran ditolak."
b69dac1a-1e53-402c-8ceb-3d91229c06c1,f575a544-ca3a-45a2-855e-eadeaacbc9f2,fd224d9f-016d-41f9-9f82-9a3a4cce8a23,233178084,2024-03-10 10:26:39,Rejected,Bid,"Pembeli Tania Andriani menawarkan Rp 233,178,084.00. Penawaran ditolak."
5ffd3b64-b407-4100-9e73-dc7ce983ce42,12652e30-97a6-44be-ac67-4463a8885222,9a112d4f-96c0-4ff8-92f9-b7278eb10bec,315678440,2024-03-13 23:36:00,Pending,Bid,"Pembeli R. Padma Suartini menawarkan Rp 315,678,440.00. Penawaran sedang diproses."
6f95ddea-e015-4e68-8348-60983ac620c0,0c47dd41-29fa-45f7-b713-86e11301bcdc,1988efa9-13e0-4efe-b527-4e9df70d2d13,149921895,2024-07-29 08:34:20,Rejected,Contract,"Pembeli Farah Natsir menawarkan Rp 149,921,895.00. Penawaran ditolak."
2530c843-f3b6-40f1-a15e-ff5ad18f2bdc,265455fb-4981-4234-9bd9-6b3c4e400724,6a2a5c3f-5a59-461f-aeb6-bb70e0d610eb,376294465,2024-07-14 10:00:34,Accepted,View,"Pembeli Juli Anggriawan menawarkan Rp 376,294,465.00. Penawaran diterima."
d2bcf187-d8f6-4734-8882-372ef37dbe48,1db1f844-8a16-4f5c-a403-75a6880f4315,b44356c2-626c-4c9a-9707-c86342058092,190714754,2024-04-08 18:07:42,Accepted,View,"Pembeli Rudi Wijaya menawarkan Rp 190,714,754.00. Penawaran diterima."
21ce2a36-1a72-4094-ad59-435ee865588f,d0353c4f-819c-4c6a-a562-2b7b78de4019,ed8d74d4-adf5-4d30-88d0-ec9697c4a682,399184836,2024-05-25 08:52:03,Accepted,View,"Pembeli Yuliana Maulana, S.I.Kom menawarkan Rp 399,184,836.00. Penawaran diterima."
04dc373b-950f-4017-a2da-456195ca0913,531e7c2e-b6da-4223-be58-b880a99496cf,e0d7dea4-be4b-4f16-99aa-8f79175e1c42,223870548,2024-02-23 10:33:40,Rejected,View,"Pembeli Cut Siska Narpati, S.E. menawarkan Rp 223,870,548.00. Penawaran ditolak."
0b6acddc-c818-439c-8e69-ecd1e2842f11,6733a5ea-21ad-484c-99c3-79bb07fc9830,bea169e6-e8e1-49c5-83e3-1171fae32863,300048043,2024-11-03 03:29:27,Pending,View,"Pembeli Tantri Yulianti menawarkan Rp 300,048,043.00. Penawaran sedang diproses."
2ef0bf9d-70cc-4a83-a736-ef8e21fb75ff,dd86d878-8d72-489a-9bf7-7589b6d82b22,4e3adf9c-b5e4-43dd-863c-4a729a685a2b,191762897,2024-04-24 15:11:17,Pending,View,"Pembeli Puti Juli Hassanah menawarkan Rp 191,762,897.00. Penawaran sedang diproses."
6af5fbf7-7235-455d-a60a-0f78d25d5518,d42fafa0-1a68-4768-8672-7e8dfb4f04cb,7039c053-12b8-4a63-b23c-5772af729a04,134989116,2024-05-07 03:26:21,Pending,Bid,"Pembeli Rachel Dabukke menawarkan Rp 134,989,116.00. Penawaran sedang diproses."
ef4f6a5a-0abd-428c-b9b5-8698ae44f673,9c80409c-3158-4edf-9258-24c3f1a1ab47,7da1393c-a84c-446d-8b30-f3516fe61d2d,292301569,2024-10-17 05:12:01,Rejected,Contract,"Pembeli Ikhsan Najmudin menawarkan Rp 292,301,569.00. Penawaran ditolak."
5b598a13-846a-4a7c-a122-2c951a304b2e,5f22a0cf-40c0-4bad-8f6d-de7d8357f4bc,5d619d0e-f897-422d-afd7-960be6439b90,330233299,2024-07-17 16:07:11,Accepted,View,"Pembeli R. Padma Yuniar menawarkan Rp 330,233,299.00. Penawaran diterima."
2820860f-2f28-44db-961b-559d07f320be,f01ad968-4722-4445-94ad-37148a0063d8,f8f40308-3943-4eb1-afcc-ed4cb4028fd1,132274935,2024-10-10 10:33:21,Pending,Contract,"Pembeli Gandi Habibi menawarkan Rp 132,274,935.00. Penawaran sedang diproses."
0c943227-4fdb-4593-8a59-1f7b49535bfa,37963d60-bdbc-4729-8acb-130d09fd503e,31e9b294-d094-4aa2-bb40-ecbb70d1cfa6,93029061,2024-07-30 02:31:26,Rejected,Contract,"Pembeli Hj. Jamalia Sirait menawarkan Rp 93,029,061.00. Penawaran ditolak."
15c71d0b-7b80-4be1-bb0e-0c9a5e69a8f6,e9d44ed3-6b65-406f-a0e4-0a1d69a146a6,d7e4994a-0602-413a-a462-c5276596650f,277639306,2024-07-24 21:36:53,Rejected,Bid,"Pembeli Hj. Tania Ramadan menawarkan Rp 277,639,306.00. Penawaran ditolak."
adeb1e24-d929-4540-8c70-eab47d52bb7a,83c2063c-e7b3-4307-ae7d-dd44d4807a33,2d28ca88-acbd-45dc-b86c-119262d752ae,138496961,2024-04-06 21:55:22,Accepted,Bid,"Pembeli Gasti Anggriawan menawarkan Rp 138,496,961.00. Penawaran diterima."
ae72d61c-ac48-4f93-93b1-8703c63330b7,a4afcf8b-26b2-4ecf-a8ea-4a305c6da8f9,8f8a494e-0801-4e4a-8cb4-2d5dc30aeb5f,416149056,2024-09-13 16:02:02,Rejected,View,"Pembeli Ika Nugroho, S.Psi menawarkan Rp 416,149,056.00. Penawaran ditolak."
56503ea5-8e26-4596-a499-dc9fce438bdf,a81e9b3c-3689-4980-8f20-30e957d5fcd1,39f55eb9-b706-4176-8fd2-5149faa449e0,289146652,2024-11-02 10:10:04,Accepted,Bid,"Pembeli Gara Mulyani menawarkan Rp 289,146,652.00. Penawaran diterima."
a9b1b61a-4b52-4bdb-b4c3-266b0587aa10,1f4bf2ab-2c21-442d-a5cc-2ac5751fdb11,18e4854e-cec9-48ca-a705-27939a58f94d,95797435,2024-06-21 11:28:21,Rejected,View,"Pembeli Cut Yessi Aryani, M.Kom. menawarkan Rp 95,797,435.00. Penawaran ditolak."
8ecc58dd-c3ab-4c06-bacc-93f5da0bd96f,b60d2bb6-2952-4df9-b2dd-0352ad4c3941,bb2f8d7b-22ce-4240-ba52-0eea442ebf25,424570370,2024-04-25 19:49:56,Rejected,View,"Pembeli Atmaja Situmorang menawarkan Rp 424,570,370.00. Penawaran ditolak."
49330360-b2cb-4d25-a963-1015a573b934,9e13bbde-229d-41fc-96c8-176f4b33f997,2c600ff2-e561-4f3b-80a7-3c3f726d61bb,395358885,2024-01-24 11:45:33,Rejected,Bid,"Pembeli Harsaya Dabukke menawarkan Rp 395,358,885.00. Penawaran ditolak."
4e96c44d-1458-44b4-a249-a5232bb71d91,3cfb7c4b-a130-426e-92d9-9299a43b523b,1c3e37f0-78d8-4ee5-b740-7b4c6e4077b5,204964613,2024-02-16 18:27:02,Rejected,Bid,"Pembeli dr. Hani Rajasa menawarkan Rp 204,964,613.00. Penawaran ditolak."
559f4503-d87e-4e2b-abfc-7662a7f7ab1e,e4d2517c-07fd-4e28-b9a8-1c7cb0b3294c,7ef62b6a-19e4-4305-ac80-70530eebbcd3,332333972,2024-09-06 19:24:49,Pending,Bid,"Pembeli drg. Diah Haryanto menawarkan Rp 332,333,972.00. Penawaran sedang diproses."
158b8bb0-0c34-4815-b28d-dda3cf0d2782,f77a92b1-8120-484a-a23a-24219925f70f,f2981c47-c9ca-4965-9982-5adb225f30a7,171533018,2024-07-20 17:31:56,Accepted,Bid,"Pembeli Gandi Zulaika menawarkan Rp 171,533,018.00. Penawaran diterima."
298af1fc-37ba-4b5c-9197-7a1507bb68c3,4aa214f1-60d1-4935-a68e-d9bdffe64aac,6bd5db48-9c93-4ceb-b7e0-019e41c45724,138216080,2024-07-31 03:46:20,Rejected,Bid,"Pembeli Rizki Utama menawarkan Rp 138,216,080.00. Penawaran ditolak."
410e8a41-50e8-4282-b1ef-3dd1aa00cd49,d8fb3af0-c443-4f17-ba75-9338043d73e3,ad2bd78d-02bc-4b70-8ccd-fb6c9d2978dc,446301478,2024-03-10 22:34:34,Accepted,Contract,"Pembeli Victoria Tamba menawarkan Rp 446,301,478.00. Penawaran diterima."
7c5e470f-3386-4fba-9494-e09a30478ce5,535996d2-8d1b-4ea1-9543-3ad9a4809703,61c35dd1-8e7a-456a-81f3-e451aeb43e6d,227228051,2024-05-01 07:02:20,Accepted,Bid,"Pembeli Zalindra Widiastuti menawarkan Rp 227,228,051.00. Penawaran diterima."
fffeb7d9-f0cb-4d62-bd4c-ac295e50de2b,9a1e3a56-0bff-4735-9929-baecb12e2599,3bcb80ab-165b-4564-b88e-ec0c90487de6,135542647,2024-01-17 07:32:24,Pending,View,"Pembeli Ophelia Saragih, S.H. menawarkan Rp 135,542,647.00. Penawaran sedang diproses."
7f2db275-57c4-4864-b827-9b411468ef61,4d96fef5-3bb4-4386-bef9-91d142b4458f,7e906b26-5cfc-45d1-b0bc-af53d06a4c4e,188619382,2024-10-22 17:25:54,Rejected,View,"Pembeli Drs. Bakianto Damanik menawarkan Rp 188,619,382.00. Penawaran ditolak."
57765d0c-fcb4-4d5e-9c12-fadae941091d,85d74d59-186f-453d-9350-9622ab1dbdac,51ffe8b7-8a25-42fe-87a1-10212de9a813,201327267,2024-02-23 01:11:53,Accepted,View,"Pembeli Jarwadi Novitasari menawarkan Rp 201,327,267.00. Penawaran diterima."
80f3f016-feba-4ad5-a034-2d9bed829dc3,1e12fbac-1d20-42c8-920a-44982d1f9938,b93a515f-7240-49c3-af90-f994c89f67ae,266368535,2024-07-21 17:44:00,Pending,Contract,"Pembeli Garan Situmorang menawarkan Rp 266,368,535.00. Penawaran sedang diproses."
3a6ce0f8-5593-4662-a27a-334ce6410201,d6db301c-aee2-4957-a282-1d369a89a764,fc31aca4-0820-4268-b065-4612f0fd5c60,100349524,2024-05-16 20:05:43,Pending,View,"Pembeli Febi Sihombing, S.Pd menawarkan Rp 100,349,524.00. Penawaran sedang diproses."
fe3f4a81-5334-446c-b998-c9eba9feb972,c732012b-4077-445e-81be-aa29ade32504,9b9c4c1c-61b4-44cd-ba12-55056cc3c92a,204046233,2024-01-10 18:20:11,Accepted,Bid,"Pembeli Raharja Widiastuti menawarkan Rp 204,046,233.00. Penawaran diterima."
bff76f8e-e0c5-49d3-a6e4-2e0730ca7795,86ed7c78-ed71-45e7-aab0-71fb65170b34,0c783ca1-ca1f-4cfc-893e-91fbf2c70df2,139184119,2024-07-30 21:10:39,Accepted,Bid,"Pembeli R.A. Zamira Najmudin menawarkan Rp 139,184,119.00. Penawaran diterima."
d5c76d42-a7b6-481e-a268-e654cbdf4994,8a8c9463-a55c-41e9-b9c0-e587ea0da94d,2912c5c3-d953-4b1f-b96a-e566e6945d6c,119581075,2024-02-24 06:41:28,Accepted,Bid,"Pembeli Puput Siregar menawarkan Rp 119,581,075.00. Penawaran diterima."
fd7615fd-5fcd-4c0e-9510-42b7d8dce4cd,152f313c-3439-4aea-afe5-a9bf411150fb,7aba2738-80f5-42f5-bc1b-79faaef6832b,444473356,2024-09-26 00:44:57,Rejected,Contract,"Pembeli Jabal Kuswoyo menawarkan Rp 444,473,356.00. Penawaran ditolak."
4def8869-c449-4d92-b938-9f31ce0b7f63,625553d1-055a-4651-abf1-18f1772aa213,300850e8-d7ce-41c2-85ae-0a80d5fead1c,263683265,2024-09-19 21:40:50,Pending,Bid,"Pembeli Yessi Adriansyah menawarkan Rp 263,683,265.00. Penawaran sedang diproses."
fdfe70da-448c-4542-9d02-f7194781b43a,9854ef04-9974-4dcd-b88d-b6dca8c0ddff,ace5e201-94f7-47a6-901c-bbf027eb09ff,131982583,2024-03-11 14:18:45,Pending,Contract,"Pembeli Rafid Rajasa menawarkan Rp 131,982,583.00. Penawaran sedang diproses."
cff02b0b-0091-4543-9745-3ca3636cf682,312e7e28-2288-4d78-a0c8-8c7f220d2f4d,64a2ef9a-3e28-4ede-b9d1-408642ab1014,389785133,2024-10-29 23:03:37,Rejected,Bid,"Pembeli Zamira Zulkarnain menawarkan Rp 389,785,133.00. Penawaran ditolak."
8c29e44f-b343-470a-b230-d03317144a65,c88428bb-e691-4c11-a440-d798dfaaeae4,423bbc86-cffb-4b94-bc94-dfaa449de5e8,384864952,2024-09-14 06:23:36,Pending,Bid,"Pembeli Taufan Gunawan menawarkan Rp 384,864,952.00. Penawaran sedang diproses."
03b1dd39-78cb-4217-8b7d-76c20267d818,33252915-d8ba-4ebe-84e7-202ac8d90f86,b34f9ffd-e919-4f72-b63f-1a9e792df90c,264476971,2024-09-09 04:31:17,Pending,Bid,"Pembeli Gandi Nashiruddin menawarkan Rp 264,476,971.00. Penawaran sedang diproses."
5507cb5b-9ae7-4baf-b250-69a0046526cc,4c72cf80-27a8-4abb-b278-edf5b9263d8c,e6ca3a1d-9e43-497f-bcb0-c053f53976cf,169562460,2024-10-08 06:34:54,Rejected,Bid,"Pembeli Ir. Maryanto Tarihoran, S.H. menawarkan Rp 169,562,460.00. Penawaran ditolak."
468e5507-5922-475f-9e7c-cab9b1155aa0,1db0aa56-79a9-4909-a168-f8ef7b4929ae,d546c4cb-8881-442f-a722-fa302ab6ee7b,103647247,2024-07-16 02:27:40,Rejected,View,"Pembeli Ajimat Laksmiwati, S.Gz menawarkan Rp 103,647,247.00. Penawaran ditolak."
8aa83294-0f10-4474-ab5a-47e7be66ad9b,57a929d6-5519-4a71-bdf6-903e93d2c9fc,a5c77c78-fe4a-4710-9d43-08381571b29e,336875307,2024-03-17 09:40:13,Rejected,View,"Pembeli Reza Haryanti menawarkan Rp 336,875,307.00. Penawaran ditolak."
07af2103-1062-424e-b1ed-355f6eac39d7,032fd1df-dcb7-477d-a6ca-dae3b6804224,e9139f2d-37f6-4a3d-be1d-3747584127cb,333703527,2024-05-13 16:45:33,Pending,Contract,"Pembeli Galiono Thamrin menawarkan Rp 333,703,527.00. Penawaran sedang diproses."
ac0d65be-197f-4ad7-9822-1d051e04cae9,82c9a64e-3a1e-4fa8-82a0-4ccae3c2237b,111cbd82-bdf3-4e6e-9d2e-3022098efe10,146247711,2024-11-09 16:17:54,Accepted,Contract,"Pembeli Ir. Siska Wibowo menawarkan Rp 146,247,711.00. Penawaran diterima."
feb313bc-6f44-4a45-a6bd-0ebeeafb3e87,517b4df2-d8fa-4078-8a89-9220fc5bfbf6,a8f3831f-1fc3-46b5-b5e8-be483e7f3c7e,356955307,2024-07-13 02:45:29,Rejected,Contract,"Pembeli Bahuwarna Zulkarnain menawarkan Rp 356,955,307.00. Penawaran ditolak."
017e87d0-f1f8-4b6b-9820-18068f35d07e,adf04182-a1d6-4ab4-ae18-a38bd3b2c085,b7d3d1a6-102b-462b-ba23-4b6f7cec66d2,293597983,2024-08-30 04:18:24,Accepted,Bid,"Pembeli Ian Waluyo menawarkan Rp 293,597,983.00. Penawaran diterima."
692ec406-4b95-41f0-b4fc-5eacf501edbe,4c28e24b-e4dd-4250-a1eb-38b44ba29df5,ff981c40-c648-4dc2-b536-172a0cc31a26,184136203,2024-04-26 08:22:03,Pending,View,"Pembeli Tgk. Rini Haryanti menawarkan Rp 184,136,203.00. Penawaran sedang diproses."
28f26f16-9a23-4df1-b9c7-e1ba6ca5f1ac,dcc07a4a-d81b-479d-aa3c-a9b1e39de9a3,8555dc4c-dc15-40bd-baa7-67d72490fe4b,218706928,2024-04-05 12:17:35,Rejected,View,"Pembeli Uli Zulaika menawarkan Rp 218,706,928.00. Penawaran ditolak."
be1bbbd2-47f1-43ef-8d97-b3154569c239,5bc0ac1e-d568-46f6-a908-d184e7717685,fc7de0c1-07d6-42fd-a4f4-a3dba9c3359a,440145684,2024-02-05 12:20:40,Pending,View,"Pembeli Asirwanda Mayasari, S.Kom menawarkan Rp 440,145,684.00. Penawaran sedang diproses."
bc91dace-c6ce-46ea-bb4d-be363484fb73,9480f517-7b39-4239-8a82-4b07cdc4bcc5,fb7b884d-a04d-4812-8ae7-172cd89dc59f,149183004,2024-09-05 21:21:20,Pending,Contract,"Pembeli Puti Kani Permata menawarkan Rp 149,183,004.00. Penawaran sedang diproses."
5aa281a5-d89b-4f2a-b642-ba5bb48c9df9,35bfc9a7-269b-4b40-bb07-3e29d4b5f7bf,2a5c63cf-0f93-46db-9dc2-fc90b7c2004d,245296207,2024-08-03 09:21:49,Pending,Contract,"Pembeli Setya Mansur menawarkan Rp 245,296,207.00. Penawaran sedang diproses."
2ede3dc4-0784-4d07-8c2a-8a638f26d8fb,8e4cc91d-9fa8-4b3c-a523-9641df127ffb,23161f58-9370-4b39-b37d-56814573991f,185963479,2024-08-10 21:13:36,Rejected,View,"Pembeli Atma Zulkarnain menawarkan Rp 185,963,479.00. Penawaran ditolak."
3dc6dd00-7917-4496-809a-d901d221783b,467e10c4-a83b-4711-a51a-4a595695ee19,72a9d2ad-5b8e-4fc1-a830-30d4b83d41db,147648410,2024-01-12 03:32:16,Rejected,Contract,"Pembeli Danu Hidayanto menawarkan Rp 147,648,410.00. Penawaran ditolak."
67982c75-ffb3-471f-a317-21db3e40c9eb,583b45af-9aa4-44c4-a89e-ae56f1d38269,56bb2cb5-1777-4acc-b06e-72c192f3b11c,415783429,2024-02-01 11:56:54,Accepted,Contract,"Pembeli Intan Puspita menawarkan Rp 415,783,429.00. Penawaran diterima."
22f54f5e-9330-46c4-945b-804e925579a5,247cc818-c0fc-4c2b-8619-5b31d809c007,f95e3c05-9ff9-45a5-b17e-31ac95afb3dd,94785466,2024-01-16 18:44:25,Accepted,Contract,"Pembeli Oskar Uwais menawarkan Rp 94,785,466.00. Penawaran diterima."
38be6462-9605-489a-97da-f5d156c2faf6,bd309e89-d424-445a-b92a-1b9e84a35327,a085e2f3-718e-4950-9eee-38d72b4661f4,434031827,2024-06-26 12:15:44,Pending,Bid,"Pembeli Ir. Icha Anggriawan menawarkan Rp 434,031,827.00. Penawaran sedang diproses."
4facf411-18fe-4e9a-abab-ad418562e453,c175e5c6-a96d-4a36-b131-37f6614d9e03,a865e2a0-7e4e-4613-9ce4-50263fb38c89,348679009,2024-07-07 18:04:44,Pending,View,"Pembeli Atma Handayani menawarkan Rp 348,679,009.00. Penawaran sedang diproses."
26b0f745-6f85-4122-bea4-aaf6388ba382,48cef655-ccbd-4e53-8b33-c32d158fb0f3,b2213d11-73b6-4042-a280-f293afb34597,433797950,2024-10-30 18:16:20,Rejected,Contract,"Pembeli dr. Hesti Mandasari menawarkan Rp 433,797,950.00. Penawaran ditolak."
0e75c90d-d7c5-4a31-8809-3eaea1571747,357cf3b2-66f6-499f-b2d8-1deacbff55cb,0b365142-4e77-46b7-a24e-e295f5029f82,379776020,2024-06-10 02:53:12,Pending,Bid,"Pembeli Lanjar Firmansyah menawarkan Rp 379,776,020.00. Penawaran sedang diproses."
69136218-7d3b-43ad-a9d6-dd619c2a3f8d,b18ed0d6-2cb8-4e5d-871f-769fdf960e34,62d31808-aeb8-4b3c-8fc6-f141db8d9cd3,373706271,2024-01-25 11:26:21,Rejected,Bid,"Pembeli KH. Taufan Winarsih, S.Gz menawarkan Rp 373,706,271.00. Penawaran ditolak."
ea0e6dd3-47fa-4d9b-9e5d-fb2cf744298e,584bdd6b-51d6-4120-a84a-1aed52d1ec67,8698532c-7108-40c4-8b39-b0101a109546,180417972,2024-11-08 00:36:18,Accepted,Bid,"Pembeli Iriana Wahyudin menawarkan Rp 180,417,972.00. Penawaran diterima."
9c732d06-7ec8-43eb-a7ce-e84898d4958e,5fca27cf-9d23-412d-b09d-7c523a41242b,78891297-f188-46c3-882a-16abcde92055,338033760,2024-06-13 08:50:19,Rejected,Contract,"Pembeli H. Hartana Latupono menawarkan Rp 338,033,760.00. Penawaran ditolak."
dd3d57eb-47fe-44f4-9a5d-b818e5ab6538,a9c438d7-6fdd-4fed-a9b1-6d305705b128,1b5af60d-627f-4224-adbb-44f9ed2d1e8a,259729126,2024-11-01 12:11:56,Rejected,Contract,"Pembeli Salwa Uwais, S.E.I menawarkan Rp 259,729,126.00. Penawaran ditolak."
3dda2fce-74dc-4f16-bbe1-2cd50275406a,89b235e6-0568-41b1-853f-3dcff74452ae,f3d9fbaa-8832-4641-9e61-dc076fc3e38d,269831002,2024-05-09 02:59:58,Pending,View,"Pembeli Baktianto Hariyah menawarkan Rp 269,831,002.00. Penawaran sedang diproses."
8fb17823-c17f-4ef4-a964-cf22a72efa11,88b74d8c-f2ef-4de2-93ae-2de5cc190201,32c1bd52-5fea-4354-a22c-224dd673f799,153755432,2024-10-01 08:32:17,Rejected,Contract,"Pembeli Mursinin Hariyah menawarkan Rp 153,755,432.00. Penawaran ditolak."
4dc4185e-0569-4c9e-a1f4-e97f47c97f76,553f8eac-ab27-418e-86b3-c7cf17321eb5,08a7e872-5cd7-4ece-999c-bcc59d6c794d,114456947,2024-06-26 23:24:08,Pending,View,"Pembeli Ani Pertiwi menawarkan Rp 114,456,947.00. Penawaran sedang diproses."
9c720fd7-7c6e-4252-90bb-27ebbdfcb5c8,10c66009-c393-4f68-b775-6f53c6a71925,45dbfecb-380f-49d7-8d48-cb9765c5495a,171878680,2024-09-15 03:41:41,Accepted,View,"Pembeli Kadir Pranowo, S.Pd menawarkan Rp 171,878,680.00. Penawaran diterima."
27e104d5-f4ee-4781-82e5-e22068672bda,bdf9bb1f-c569-42d3-bbd8-bb731dda620c,71b87e6f-4fe1-4467-967d-61bb2503189f,147153805,2024-05-28 21:20:13,Pending,Contract,"Pembeli Ridwan Halimah menawarkan Rp 147,153,805.00. Penawaran sedang diproses."
e83218e5-b9e0-4217-b8f3-d6d3c3a6244e,2cd95c42-ccde-492a-9ec9-1e5ec83a68fd,fd8a5136-db36-4396-842f-a161a461426c,388047527,2024-01-01 16:32:12,Rejected,Bid,"Pembeli Salwa Wahyudin menawarkan Rp 388,047,527.00. Penawaran ditolak."
00f18afd-7960-4bf9-879c-55526e5bba9f,a59455ff-57d7-4e48-ab7f-e319fa33658e,4ed53772-e906-46f7-ae9b-106cd06bddab,355638344,2024-05-27 21:20:31,Pending,View,"Pembeli Cornelia Santoso menawarkan Rp 355,638,344.00. Penawaran sedang diproses."
9962b765-d57a-4d9c-bb84-f31bf9b8c289,aa248090-1f33-419c-a0a1-9492b434d464,737745fd-da40-4a31-ae7f-525c27f3a8c3,133454407,2024-08-13 21:07:01,Rejected,Contract,"Pembeli Ganda Gunarto menawarkan Rp 133,454,407.00. Penawaran ditolak."
496ea80a-a416-42a9-973e-ec65a204ab03,c4f9dd7f-f19f-4c45-80df-4fea551310b2,ddfa517c-43e1-4e3c-a0df-360c984c7007,321143470,2024-07-02 07:19:11,Accepted,Bid,"Pembeli Fitria Hutasoit menawarkan Rp 321,143,470.00. Penawaran diterima."
b5626d83-db30-4852-ac23-97a75b195d64,2231afdd-d6f1-40a5-91a7-93c85da518db,556ad903-8a80-46f9-8cb9-45cba4a712dd,283888934,2024-10-25 21:10:52,Pending,Contract,"Pembeli Dr. Warta Simbolon, S.I.Kom menawarkan Rp 283,888,934.00. Penawaran sedang diproses."
24d2b416-2650-447a-852f-d046467194c4,75b7bcdc-3839-4b77-9527-892027e4fa5a,26afda30-4dc9-46e1-ac1e-2b286cd90705,215252061,2024-08-24 04:17:19,Rejected,View,"Pembeli Paris Uwais menawarkan Rp 215,252,061.00. Penawaran ditolak."
18f36353-16ab-4f14-9ce4-70bb04bfc34f,3df91259-a3f1-4713-807d-d93e9dc9b591,aec32930-60c7-45bb-a4e3-e70c46694e54,387533016,2024-07-21 11:11:51,Rejected,Contract,"Pembeli Winda Ardianto menawarkan Rp 387,533,016.00. Penawaran ditolak."
51c03ced-db50-4a21-b389-2b468eb44ea0,0b8ea1fc-5993-4f47-98be-b7fa86a4b999,7b9ebbb8-1b74-4186-9c72-346bd45aecb4,255000922,2024-06-13 10:08:32,Accepted,Bid,"Pembeli Dr. Gambira Puspita, S.IP menawarkan Rp 255,000,922.00. Penawaran diterima."
49805571-c2c0-47d0-9db1-de0841f89c2c,a0cf9854-6814-4605-906c-389cd5702a7d,ef068e7b-1e13-4ae7-9bb5-d21ba34c16ea,156215172,2024-11-19 10:45:15,Rejected,View,"Pembeli Eja Mandasari menawarkan Rp 156,215,172.00. Penawaran ditolak."
560bb3d2-19c7-4be2-b050-de2657176322,7c7e1462-435a-4cf7-8967-f63722b7d62c,ded9e896-56a3-400b-9d4a-6a8eaba8a7c1,276749128,2024-01-28 00:44:51,Rejected,Bid,"Pembeli Safina Kuswandari menawarkan Rp 276,749,128.00. Penawaran ditolak."
afaab95a-7913-4a5a-8cf1-d6a35dcbb38f,8d7c9be4-f24a-497c-9111-5eccac5fc773,b14a2b97-22c5-4876-a0be-0f79dad79573,421197675,2024-03-10 23:57:03,Rejected,Contract,"Pembeli Okto Damanik, M.Ak menawarkan Rp 421,197,675.00. Penawaran ditolak."
f261b143-b7f3-4467-ac0d-684ebfd679ca,1e51c52b-2399-4a5b-aa02-eb97b5256cbb,811a066c-34e8-4ef8-ae7b-5c061551c73f,380668888,2024-11-05 21:51:00,Pending,View,"Pembeli Galar Mahendra menawarkan Rp 380,668,888.00. Penawaran sedang diproses."
eed89a07-5fe3-4283-9241-36dcd84e4bd8,6c49aa09-f2d4-4668-9efb-da834adcf476,0f51e1e5-4308-467f-b3a4-50e85e15d99c,93048384,2024-05-26 16:36:06,Rejected,Bid,"Pembeli Ir. Pia Pranowo, S.Kom menawarkan Rp 93,048,384.00. Penawaran ditolak."
4f9bc78d-33dd-468e-a278-ec6a7c7fe323,ca2ea891-23e3-4f83-bbe7-c2d9e372e540,dfd512db-aa5c-45c5-907d-8e903e7c03bb,397605696,2024-06-17 11:40:15,Rejected,View,"Pembeli Amelia Yuliarti menawarkan Rp 397,605,696.00. Penawaran ditolak."
57b887e3-18dd-4ea9-b13d-051d8d06da5c,48dac64e-832c-4d93-b81b-975bad97cfa0,bdf835e7-f404-4afe-9f11-c01f7fd3ce86,421007291,2024-02-18 23:09:38,Pending,Bid,"Pembeli Dartono Firgantoro menawarkan Rp 421,007,291.00. Penawaran sedang diproses."
fd9a2302-b69e-49ef-815b-2d79fdbc3770,a03fbdea-b8e3-4eca-bc80-7e0b893f31d1,5717cfe2-6dea-4db0-970b-b832e162caa0,307656370,2024-10-14 04:18:07,Rejected,View,"Pembeli Hj. Dinda Marpaung, S.I.Kom menawarkan Rp 307,656,370.00. Penawaran ditolak."
b48d793a-164a-4a83-9b7a-1d23affd06d3,528a1735-31b6-44e5-b408-4a069e0adacb,186e25f3-49c8-4a72-b88c-0805262dd0b5,181746079,2024-04-12 08:39:37,Pending,Contract,"Pembeli Ir. Reza Budiman menawarkan Rp 181,746,079.00. Penawaran sedang diproses."
a6fc1c36-d526-444c-8cc7-2f925418c84f,38f269a3-0c8a-4741-9fae-b35266d849d8,d679feca-8562-475c-bd0c-cdca344482af,240157726,2024-04-08 17:30:27,Accepted,Bid,"Pembeli Jindra Astuti menawarkan Rp 240,157,726.00. Penawaran diterima."
2025b435-d357-4ec3-8b75-ae014889d0b7,06ee5b3b-8061-4dba-942a-09bbe6890e0c,54bb33d8-c2cd-4705-b609-9ada9469bb9d,130637277,2024-01-05 12:19:09,Pending,Contract,"Pembeli Muhammad Prabowo menawarkan Rp 130,637,277.00. Penawaran sedang diproses."
017cb979-74c0-4554-bcd5-65484ba9bcba,d569b2bc-d6fd-4471-85be-d9da323e29f1,a5926943-e433-4e68-8938-51dd59aaf3c0,200250294,2024-07-04 11:32:11,Pending,Bid,"Pembeli Digdaya Wulandari, M.M. menawarkan Rp 200,250,294.00. Penawaran sedang diproses."
1bd6c127-6108-4cf8-86fb-70be7eedc078,038e4397-3ef6-4db2-a46c-a7c53e79203b,89b2b8b2-18a7-42a9-88a8-69eac26512dc,202672187,2024-07-29 17:28:05,Rejected,Bid,"Pembeli Paris Samosir, S.Farm menawarkan Rp 202,672,187.00. Penawaran ditolak."
858d9b2d-22a6-469e-a8b3-c3ab402e619b,532db27d-3296-453a-bf27-d5966cd506af,ae3797a1-d3ea-4702-9bff-c96eb6affff9,187641409,2024-07-12 14:56:13,Accepted,Bid,"Pembeli Cinthia Halim menawarkan Rp 187,641,409.00. Penawaran diterima."
1a9b9aea-24e4-4d13-a251-d64ecf5a955b,c9f4bc86-bc81-4d33-b57c-d29022b402b1,887973c7-d27c-47d4-b5be-b5b62910dde4,362156233,2024-11-25 23:05:11,Pending,Contract,"Pembeli dr. Karman Wulandari menawarkan Rp 362,156,233.00. Penawaran sedang diproses."
673792a6-78a1-43fa-b56c-ae724adcdd66,69a612b0-0125-4b9d-b5e9-9203ef938f06,4b7286f0-af19-4458-a320-e3275f9875c1,426718535,2024-05-30 07:19:00,Pending,Contract,"Pembeli R.A. Ira Maulana, S.Gz menawarkan Rp 426,718,535.00. Penawaran sedang diproses."
7612e610-d4f5-4971-bd9c-f1341d5d96fc,fa4fb576-b475-4aa9-adf1-e26732d2700a,87327805-3f96-47a4-91cd-ee80bc0609a9,119542022,2024-09-07 15:19:49,Rejected,Bid,"Pembeli Laila Pangestu menawarkan Rp 119,542,022.00. Penawaran ditolak."
89ff9070-7e1a-497a-baaf-5d0d5799a161,96a4d489-4912-47ff-920f-2f6470a3b495,0087cc81-1e2a-4636-a0c9-8f8f39505ad3,297834133,2024-09-15 01:25:51,Accepted,Bid,"Pembeli Mursinin Kuswoyo menawarkan Rp 297,834,133.00. Penawaran diterima."
17401323-b1e3-4b01-aa49-4da5e8be00a5,6d247ccd-1a91-4633-9463-5697c38fd8e5,ee6e9d6c-67bd-4fba-9825-a20777908335,380194754,2024-02-20 14:55:58,Rejected,Contract,"Pembeli Karen Sihombing menawarkan Rp 380,194,754.00. Penawaran ditolak."
8ea355b8-c374-443e-9b85-b88c286b8d2c,9938a0bb-6592-45ce-bea5-a65e099b34dc,d877f6ad-be89-44d4-9770-20c7b0e00460,370512544,2024-08-14 22:21:21,Pending,Contract,"Pembeli R.M. Dariati Sudiati menawarkan Rp 370,512,544.00. Penawaran sedang diproses."
39cff054-8c0b-4b4a-bdf3-26d853739720,d9c8b13f-f076-4e91-8eaf-16a46eedbd6d,1e408083-5fed-4c0f-9da7-94faf7c1aff1,298533445,2024-11-22 04:07:05,Pending,Bid,"Pembeli T. Mumpuni Waskita, M.Kom. menawarkan Rp 298,533,445.00. Penawaran sedang diproses."
fc15475c-3001-484e-a1d9-6b576caedf0e,c2e6014f-94c9-475e-91e8-7d748ce4151a,61b8eac4-3d57-49af-9af5-e883f20d9e81,122033523,2024-08-17 12:50:29,Pending,Contract,"Pembeli Fitriani Wijayanti menawarkan Rp 122,033,523.00. Penawaran sedang diproses."
f67d6f0a-b2f1-4da9-a5d3-9ed4f404c3e6,324ae14f-d266-4541-b484-c3a89de1af19,8747a76c-a6b4-48a5-a316-66ab3817a602,416946896,2024-10-29 18:30:24,Pending,Bid,"Pembeli Mutia Pudjiastuti menawarkan Rp 416,946,896.00. Penawaran sedang diproses."
b900b2f8-7ad2-4658-b1d6-29eb9034eace,9fe428a8-56af-4f71-9f6f-8df13f086f89,c2fecae8-9742-4c0d-8962-53f2d31c41ae,184801983,2024-07-16 11:46:38,Rejected,Contract,"Pembeli Umi Januar menawarkan Rp 184,801,983.00. Penawaran ditolak."
dc4207c0-ee28-4c08-bcfe-73471807754b,5534584e-fed0-4cd2-8ad9-f343be77705c,8e824391-b74a-4973-a510-535488c1a968,315999184,2024-02-27 16:20:11,Rejected,Contract,"Pembeli Zamira Farida menawarkan Rp 315,999,184.00. Penawaran ditolak."
12544e80-5d72-44ad-ac90-2a4367d8a284,a5324069-fa66-4aaa-8306-cbb4c3a73db4,055ec5fe-c993-4bb0-994f-c380ec82ab9f,228602852,2024-10-21 12:09:30,Rejected,Bid,"Pembeli Dr. Kezia Saptono, S.E. menawarkan Rp 228,602,852.00. Penawaran ditolak."
8eec8856-d67d-4917-ae07-c76e630b7b93,da975b35-5980-4846-8b3e-f8f53c887996,c4f44f65-59cf-4345-b887-65b06df9f7b6,390904825,2024-03-28 05:52:33,Pending,View,"Pembeli Sutan Manah Wastuti menawarkan Rp 390,904,825.00. Penawaran sedang diproses."
afb4622c-319f-4005-a1c3-e94bc04ad317,3dfa1f68-aa10-4539-b192-b68188f95e7b,4a570e2e-e838-4f78-9702-969f8ba9ab17,298140644,2024-11-18 09:09:30,Pending,View,"Pembeli Najam Wahyudin menawarkan Rp 298,140,644.00. Penawaran sedang diproses."
582e32c0-f08f-4767-9ec9-d27e422f0d8e,c82d7f66-9a13-46da-8a97-eafd91a0c93e,0b45adf1-7228-4b73-8a39-5bf8b5ba7ac8,122085734,2024-03-13 11:26:58,Accepted,Bid,"Pembeli Cindy Yuliarti, S.Kom menawarkan Rp 122,085,734.00. Penawaran diterima."
cc8c77ea-c8e1-4a5c-be2c-eb76e9efbe6a,7ac1dbe8-fc0f-443a-b886-3583bef8a03b,cf7ea17f-4f8e-4018-b8e3-19947965fe4e,263651823,2024-05-06 06:46:51,Pending,View,"Pembeli Alika Wahyuni menawarkan Rp 263,651,823.00. Penawaran sedang diproses."
4d02d2b6-b438-425d-b652-1cf65cc8b4bd,64ae76c3-7f70-4b1f-a06a-5472ae52d5af,a0de7758-3fd8-4cf4-be26-9eddfa3be259,286221550,2024-02-01 15:37:14,Accepted,View,"Pembeli drg. Paiman Sirait, M.TI. menawarkan Rp 286,221,550.00. Penawaran diterima."
3e49c2da-be6c-45d7-a831-4a9e1821c386,2254d8c2-497d-4e8d-9114-0b6ade1f430a,57316a19-3a05-4fc1-adf9-77ec7269a103,428905495,2024-05-03 14:45:47,Accepted,Contract,"Pembeli Cawuk Padmasari menawarkan Rp 428,905,495.00. Penawaran diterima."
e3908e7c-2bfc-4a8a-bc7c-71780c335922,c7d61fc3-9662-40e2-b268-29afd8f47571,b27f128b-8dbc-41a0-90a2-c43e40a5380a,255267868,2024-05-14 20:44:31,Rejected,View,"Pembeli Nugraha Thamrin, S.Gz menawarkan Rp 255,267,868.00. Penawaran ditolak."
305e3c19-7504-4710-8b9a-ba08f7008398,3c646578-7c56-4b78-ab2d-31f75e611162,a2e50403-1326-46fd-b5fd-9bded397082b,246884349,2024-02-13 18:12:16,Rejected,Bid,"Pembeli Halima Adriansyah menawarkan Rp 246,884,349.00. Penawaran ditolak."
c76455ae-a0b5-4c4e-9c16-aae8bc929c1b,8d24b252-5227-4cb7-95ce-3eaaf98b5dcf,779122b6-0293-47db-b393-2df6f55f4017,174427223,2024-03-21 13:15:46,Rejected,Contract,"Pembeli Drs. Titin Dabukke, M.Pd menawarkan Rp 174,427,223.00. Penawaran ditolak."
dab96c61-9b91-4314-8b76-2e09b2f97fc9,cb348013-869e-4a7c-bd91-7c021f3f6ee6,1b879b82-f50c-4383-ac47-d9e27d262511,342088380,2024-09-04 20:43:14,Accepted,View,"Pembeli Garan Hartati menawarkan Rp 342,088,380.00. Penawaran diterima."
9a3ef515-fd5d-4bbf-8d4b-014af24984f1,d4c414d6-70ca-4da7-9dae-c40ff6f024dd,1d8c454e-bfda-47c1-9e46-462651520bcb,257615337,2024-06-16 13:47:10,Accepted,View,"Pembeli Ana Suryono menawarkan Rp 257,615,337.00. Penawaran diterima."
98b5a311-75ca-4dc9-9c9d-110adb28c0af,1b5ce844-5b6e-4ed7-86cb-d4139cf2431a,81c53ccf-649e-4cbe-a57e-78fdbf8827cf,353139423,2024-10-08 13:10:56,Pending,Contract,"Pembeli drg. Sari Mansur menawarkan Rp 353,139,423.00. Penawaran sedang diproses."
a84850b3-5246-4254-a7a4-e972c9f6ee72,aa6c843f-0ce5-4a25-a195-b8a771ad966d,492c26eb-a3fb-40bc-8472-11b350286761,105479004,2024-08-19 06:52:00,Rejected,Contract,"Pembeli Suci Mandala menawarkan Rp 105,479,004.00. Penawaran ditolak."
cfa784de-4943-4501-a7fa-4c648f67c100,8364fc0c-4c8b-4555-bcf0-1eaf7666a431,53ab92ba-96e1-461a-bbbf-84bb1ac03012,113891511,2024-02-26 03:37:32,Pending,View,"Pembeli Azalea Setiawan, S.I.Kom menawarkan Rp 113,891,511.00. Penawaran sedang diproses."
b47aae14-0d33-4a48-be44-a29537631bc5,033ec4f3-d554-4d16-9df0-b50ff7d14c18,7013f107-ea0b-4a30-b68a-d40b7dd05d2b,413304741,2024-09-18 17:19:10,Pending,View,"Pembeli Yunita Halimah menawarkan Rp 413,304,741.00. Penawaran sedang diproses."
068eed7f-7307-4ae0-950b-38a8d0f49c8b,52d05857-8bb4-4d60-8510-cc5d4fc315e4,13e9daba-c6e3-4e67-b5ce-6f3f4336676e,431573005,2024-08-18 09:08:03,Rejected,Bid,"Pembeli Ghani Kuswoyo menawarkan Rp 431,573,005.00. Penawaran ditolak."
3b0f65e2-84d4-42a2-994d-0623669336eb,d38752a3-925d-4296-a88d-aa53926e3bb3,ebd34cdf-9d44-48c0-8f95-cac7c2647be9,159952756,2024-11-17 05:02:51,Accepted,Contract,"Pembeli Viktor Prabowo, S.Psi menawarkan Rp 159,952,756.00. Penawaran diterima."
6a806c41-e10a-427d-a16a-3ded819bdcc6,b1d7ab15-7697-465e-9eb6-1c9006fa2a0a,93ce8463-d9c0-44bf-8978-9225286a7237,329918186,2024-03-13 00:28:47,Rejected,View,"Pembeli Ratih Yuniar menawarkan Rp 329,918,186.00. Penawaran ditolak."
5475185d-342f-4508-ba6e-d9d2b2602348,e499c045-f6e0-41d2-9587-fb735654dd27,6643cc0f-195b-4530-ba55-0e43f2ef93ec,409477046,2024-07-28 03:14:44,Accepted,View,"Pembeli Jarwa Rahayu, S.Gz menawarkan Rp 409,477,046.00. Penawaran diterima."
